八,ㄅㄚ
扒,ㄅㄚ,ㄆㄚˊ
叭,ㄅㄚ
巴,ㄅㄚ
吧,ㄅㄚ,˙ㄅㄚ
芭,ㄅㄚ
疤,ㄅㄚ
羓,ㄅㄚ
粑,ㄅㄚ
笆,ㄅㄚ
豝,ㄅㄚ
鈀,ㄅㄚˇ,ㄅㄚ
捌,ㄅㄚ
拔,ㄅㄚˊ
茇,ㄅㄚˊ,ㄅㄟˋ
胈,ㄅㄚˊ
軷,ㄅㄚˊ,ㄅㄛˊ
菝,ㄅㄚˊ
跋,ㄅㄚˊ
鈸,ㄅㄚˊ,ㄅㄛˊ
魃,ㄅㄚˊ
鼥,ㄅㄚˊ
把,ㄅㄚˇ,ㄅㄚˋ,ㄅㄞˇ
靶,ㄅㄚˇ
弝,ㄅㄚˋ
爸,ㄅㄚˋ
耙,ㄆㄚˊ,ㄅㄚˋ
伯,ㄅㄛˊ,ㄅㄞˇ,ㄅㄚˋ
罷,ㄅㄚˋ,˙ㄅㄚ,ㄆㄧˊ
矲,ㄅㄚˋ
霸,ㄅㄚˋ,ㄆㄛˋ
灞,ㄅㄚˋ
壩,ㄅㄚˋ
杷,ㄆㄚˊ,˙ㄅㄚ,˙ㄆㄚ
琶,ㄆㄚˊ,˙ㄅㄚ,˙ㄆㄚ
癶,ㄅㄛ
撥,ㄅㄛ
蹳,ㄅㄛ
鱍,ㄅㄛ
波,ㄅㄛ,ㄆㄛ
玻,ㄅㄛ
啵,ㄅㄛ,˙ㄅㄛ
菠,ㄅㄛ
碆,ㄅㄛ,ㄆㄛˊ
砵,ㄅㄛ
缽,ㄅㄛ
趵,ㄅㄠˋ,ㄅㄛ
般,ㄅㄢ,ㄆㄢˊ,ㄅㄛ
剝,ㄅㄛ,ㄅㄠ
嶓,ㄅㄛ
餑,ㄅㄛ
嚗,ㄅㄛ
犮,ㄅㄛˊ
白,ㄅㄞˊ,ㄅㄛˊ
百,ㄅㄞˇ,ㄅㄛˊ
泊,ㄅㄛˊ,ㄆㄛˋ
拍,ㄆㄞ,ㄆㄛˋ,ㄆㄚ,ㄅㄛˊ
佰,ㄅㄞˇ,ㄅㄛˊ,ㄇㄛˋ
帛,ㄅㄛˊ
柏,ㄅㄛˊ,ㄅㄞˇ
舶,ㄅㄛˊ
鉑,ㄅㄛˊ
箔,ㄅㄛˊ
彴,ㄓㄨㄛˊ,ㄅㄛˊ
瓝,ㄅㄛˊ
孛,ㄅㄛˊ,ㄅㄟˋ
勃,ㄅㄛˊ
浡,ㄅㄛˊ
悖,ㄅㄛˊ,ㄅㄟˋ
挬,ㄅㄛˊ
郣,ㄅㄛˊ
桲,ㄅㄛˊ
荸,ㄅㄧˊ,ㄅㄛˊ
脖,ㄅㄛˊ
渤,ㄅㄛˊ
葧,ㄅㄛˊ
馞,ㄅㄛˊ
鵓,ㄅㄛˊ
瓟,ㄅㄛˊ,ㄆㄠˊ
雹,ㄅㄠˊ,ㄅㄛˊ
骲,ㄅㄛˊ
博,ㄅㄛˊ
搏,ㄅㄛˊ
猼,ㄅㄛˊ,ㄆㄠˊ
膊,ㄅㄛˊ
薄,ㄅㄛˊ,ㄅㄠˊ,ㄅㄛˋ
簙,ㄅㄛˊ
鎛,ㄅㄛˊ
餺,ㄅㄛˊ
簿,ㄅㄨˋ,ㄅㄛˊ
髆,ㄅㄛˊ
欂,ㄅㄛˊ
礴,ㄅㄛˊ
鑮,ㄅㄛˊ
菔,ㄅㄛˊ,ㄈㄨˊ
駁,ㄅㄛˊ
僰,ㄅㄛˊ
蔔,ㄅㄛˊ,˙ㄅㄛ
踣,ㄅㄛˊ
駮,ㄅㄛˊ
謈,ㄆㄛˋ,ㄅㄠˋ,ㄅㄛˊ
懪,ㄅㄛˊ
爆,ㄅㄠˋ,ㄅㄛˊ
襮,ㄅㄛˊ
鸔,ㄅㄛˊ
濼,ㄌㄨㄛˋ,ㄅㄛˊ,ㄆㄛˋ
襏,ㄅㄛˊ
糪,ㄅㄛˊ
跛,ㄅㄛˇ,ㄅㄧˋ
簸,ㄅㄛˇ,ㄅㄛˋ
北,ㄅㄟˇ,ㄅㄛˋ,ㄅㄟˋ
㓦,ㄅㄛˋ
亳,ㄅㄛˋ
捭,ㄅㄞˇ,ㄅㄛˋ
播,ㄅㄛˋ
薜,ㄅㄧˋ,ㄅㄛˋ
擘,ㄅㄛˋ
蘗,ㄅㄛˋ
掰,ㄅㄞ
擺,ㄅㄞˇ
襬,ㄅㄟ,ㄅㄞˇ
拜,ㄅㄞˋ
唄,ㄅㄞˋ,˙ㄅㄟ
敗,ㄅㄞˋ
稗,ㄅㄞˋ
粺,ㄅㄞˋ
杯,ㄅㄟ
盃,ㄅㄟ
桮,ㄅㄟ
卑,ㄅㄟ
俾,ㄅㄧˋ,ㄅㄟ
庳,ㄅㄧˋ,ㄅㄟ
埤,ㄆㄧˋ,ㄅㄧˋ,ㄆㄧˊ,ㄅㄟ
椑,ㄅㄟ,ㄆㄧˊ
萆,ㄅㄟ,ㄅㄧˋ
碑,ㄅㄟ
箄,ㄆㄞˊ,ㄅㄟ
鞞,ㄅㄧㄥˇ,ㄅㄟ
鵯,ㄅㄟ
背,ㄅㄟˋ,ㄅㄟ
揹,ㄅㄟ
悲,ㄅㄟ
藣,ㄅㄟ
鉳,ㄅㄟˇ
邶,ㄅㄟˋ
偝,ㄅㄟˋ
褙,ㄅㄟˋ
誖,ㄅㄟˋ
貝,ㄅㄟˋ
狽,ㄅㄟˋ
萯,ㄈㄨˋ,ㄅㄟˋ
鋇,ㄅㄟˋ
怫,ㄈㄨˊ,ㄅㄟˋ,ㄈㄟˋ
牬,ㄅㄟˋ
倍,ㄅㄟˋ
焙,ㄅㄟˋ
碚,ㄅㄟˋ
蓓,ㄅㄟˋ
被,ㄅㄟˋ,ㄆㄧ
婢,ㄅㄧˋ,ㄅㄟˋ
貏,ㄅㄧˇ,ㄅㄟˋ
琲,ㄅㄟˋ
輩,ㄅㄟˋ
備,ㄅㄟˋ
犕,ㄅㄟˋ
糒,ㄅㄟˋ
憊,ㄅㄟˋ
鞴,ㄅㄟˋ
僻,ㄆㄧˋ,ㄅㄟˋ
避,ㄅㄧˋ,ㄅㄟˋ
臂,ㄅㄧˋ,ㄅㄟˋ
奰,ㄅㄟˋ
勹,ㄅㄠ
包,ㄅㄠ
孢,ㄅㄠ
炮,ㄆㄠˊ,ㄆㄠˋ,ㄅㄠ
枹,ㄈㄨ,ㄈㄨˊ,ㄅㄠ
苞,ㄅㄠ
胞,ㄅㄠ
鞄,ㄆㄠˊ,ㄅㄠ
齙,ㄅㄠ,ㄆㄠˊ
煲,ㄅㄠ
褒,ㄅㄠ
保,ㄅㄠˇ
堡,ㄅㄠˇ,ㄆㄨˋ
媬,ㄅㄠˇ
葆,ㄅㄠˇ
褓,ㄅㄠˇ
飽,ㄅㄠˇ
鴇,ㄅㄠˇ
寶,ㄅㄠˇ
刨,ㄆㄠˊ,ㄅㄠˋ
抱,ㄅㄠˋ
菢,ㄅㄠˋ
鉋,ㄅㄠˋ
鮑,ㄅㄠˋ
豹,ㄅㄠˋ
報,ㄅㄠˋ
暴,ㄅㄠˋ,ㄆㄨˋ
儤,ㄅㄠˋ
瀑,ㄆㄨˋ,ㄅㄠˋ
犦,ㄅㄠˋ
虣,ㄅㄠˋ
扳,ㄅㄢ,ㄆㄢ
班,ㄅㄢ
斑,ㄅㄢ
搬,ㄅㄢ
瘢,ㄅㄢ
螌,ㄅㄢ
斒,ㄅㄢ
頒,ㄅㄢ
坂,ㄅㄢˇ
阪,ㄅㄢˇ
板,ㄅㄢˇ
昄,ㄅㄢˇ
版,ㄅㄢˇ
粄,ㄅㄢˇ
舨,ㄅㄢˇ
鈑,ㄅㄢˇ
蝂,ㄅㄢˇ
闆,ㄅㄢˇ
爿,ㄑㄧㄤˊ,ㄅㄢˋ
半,ㄅㄢˋ
伴,ㄅㄢˋ
拌,ㄅㄢˋ,ㄆㄢˋ
絆,ㄅㄢˋ
扮,ㄅㄢˋ
魬,ㄅㄢˋ
辦,ㄅㄢˋ
瓣,ㄅㄢˋ
奔,ㄅㄣ,ㄅㄣˋ
錛,ㄅㄣ
賁,ㄅㄧˋ,ㄅㄣ,ㄈㄣˋ
本,ㄅㄣˇ
苯,ㄅㄣˇ
畚,ㄅㄣˇ
坌,ㄅㄣˋ
逩,ㄅㄣˋ
笨,ㄅㄣˋ
邦,ㄅㄤ
梆,ㄅㄤ
傍,ㄅㄤˋ,ㄆㄤˊ,ㄅㄤ
幫,ㄅㄤ
綁,ㄅㄤˇ
榜,ㄅㄤˇ,ㄅㄥˋ
牓,ㄅㄤˇ
膀,ㄅㄤˇ,ㄆㄤˊ,ㄅㄤˋ,ㄆㄤ
並,ㄅㄧㄥˋ,ㄅㄤˋ
玤,ㄅㄤˋ
蚌,ㄅㄤˋ,ㄅㄥˋ
旁,ㄆㄤˊ,ㄅㄤˋ
徬,ㄆㄤˊ,ㄅㄤˋ
蒡,ㄅㄤˋ
磅,ㄅㄤˋ,ㄅㄥˋ,ㄆㄤ
謗,ㄅㄤˋ
鎊,ㄅㄤˋ
棓,ㄆㄡˇ,ㄅㄤˋ
棒,ㄅㄤˋ
祊,ㄅㄥ
崩,ㄅㄥ
弸,ㄆㄥˊ,ㄅㄥ
繃,ㄅㄥ,ㄅㄥˇ,ㄅㄥˋ
絣,ㄅㄥ
甭,ㄅㄥˊ
琫,ㄅㄥˇ
菶,ㄅㄥˇ
泵,ㄅㄥˋ
迸,ㄅㄥˋ,ㄅㄧㄥˇ
堋,ㄅㄥˋ,ㄆㄥˊ
蹦,ㄅㄥˋ
屄,ㄅㄧ
偪,ㄅㄧ,ㄈㄨˊ
幅,ㄈㄨˊ,ㄅㄧ
逼,ㄅㄧ,ㄅㄧˋ
鼻,ㄅㄧˊ
匕,ㄅㄧˇ
比,ㄅㄧˇ,ㄅㄧˋ,ㄆㄧˊ
沘,ㄅㄧˇ
妣,ㄅㄧˇ
秕,ㄅㄧˇ
佊,ㄅㄧˇ
彼,ㄅㄧˇ
咇,ㄅㄧㄝˊ,ㄅㄧˇ,ㄅㄧˋ
筆,ㄅㄧˇ
鄙,ㄅㄧˇ,ㄅㄧˋ
庇,ㄅㄧˋ
吡,ㄅㄧˋ,ㄆㄧˇ
芘,ㄅㄧˋ,ㄆㄧˊ
狴,ㄅㄧˋ
陛,ㄅㄧˋ
梐,ㄅㄧˋ
蜌,ㄅㄧˋ
蓖,ㄅㄧˋ
篦,ㄅㄧˋ
鎞,ㄆㄧ,ㄅㄧˋ
必,ㄅㄧˋ
泌,ㄇㄧˋ,ㄅㄧˋ
怭,ㄅㄧˋ
邲,ㄅㄧˋ
珌,ㄅㄧˋ
柲,ㄅㄧˋ
苾,ㄅㄧˋ
毖,ㄅㄧˋ
祕,ㄇㄧˋ,ㄅㄧˋ
秘,ㄇㄧˋ,ㄅㄧˋ
閟,ㄅㄧˋ
鉍,ㄅㄧˋ
飶,ㄅㄧˋ
馝,ㄅㄧˋ
駜,ㄅㄧˋ
鮅,ㄅㄧˋ
佛,ㄈㄛˊ,ㄅㄧˋ,ㄈㄨˊ
拂,ㄈㄨˊ,ㄅㄧˋ
費,ㄈㄟˋ,ㄅㄧˋ
鄪,ㄅㄧˋ
畀,ㄅㄧˋ
痹,ㄅㄧˋ
箅,ㄅㄧˋ
襣,ㄅㄧˋ
痺,ㄅㄧˋ
睥,ㄅㄧˋ
裨,ㄅㄧˋ,ㄆㄧˊ
綼,ㄅㄧˋ
髀,ㄅㄧˋ
敝,ㄅㄧˋ
弊,ㄅㄧˋ
幣,ㄅㄧˋ
蔽,ㄅㄧˋ,ㄈㄨˊ
斃,ㄅㄧˋ
鷩,ㄅㄧˋ,ㄅㄧㄝ
閉,ㄅㄧˋ
畢,ㄅㄧˋ
嗶,ㄅㄧˋ
彃,ㄅㄧˋ
蓽,ㄅㄧˋ
篳,ㄅㄧˋ
縪,ㄅㄧˋ
蹕,ㄅㄧˋ
饆,ㄅㄧˋ
韠,ㄅㄧˋ
湢,ㄅㄧˋ
愊,ㄅㄧˋ
揊,ㄅㄧˋ
煏,ㄅㄧˋ
楅,ㄈㄨˊ,ㄅㄧˋ
腷,ㄅㄧˋ
詖,ㄅㄧˋ
髲,ㄅㄧˋ
骳,ㄅㄧˋ
愎,ㄅㄧˋ
皕,ㄅㄧˋ
弼,ㄅㄧˋ
辟,ㄅㄧˋ,ㄆㄧˋ
廦,ㄅㄧˋ
壁,ㄅㄧˋ
嬖,ㄅㄧˋ
璧,ㄅㄧˋ
襞,ㄅㄧˋ
繴,ㄅㄧˋ
躄,ㄅㄧˋ
碧,ㄅㄧˋ
觱,ㄅㄧˋ
贔,ㄅㄧˋ
憋,ㄅㄧㄝ
鱉,ㄅㄧㄝ
別,ㄅㄧㄝˊ
莂,ㄅㄧㄝˊ
蛂,ㄅㄧㄝˊ
襒,ㄅㄧㄝˊ
蹩,ㄅㄧㄝˊ
癟,ㄅㄧㄝˇ
彆,ㄅㄧㄝˋ
杓,ㄅㄧㄠ,ㄕㄠˊ
髟,ㄅㄧㄠ,ㄕㄢ
彪,ㄅㄧㄠ
颩,ㄅㄧㄠ,ㄉㄧㄡ,ㄘㄨㄛ
滮,ㄅㄧㄠ
猋,ㄅㄧㄠ
飆,ㄅㄧㄠ
摽,ㄅㄧㄠ,ㄆㄧㄠˇ,ㄅㄧㄠˋ
熛,ㄅㄧㄠ
標,ㄅㄧㄠ,ㄆㄧㄠˇ
蔈,ㄅㄧㄠ
膘,ㄅㄧㄠ
瘭,ㄅㄧㄠ
鏢,ㄅㄧㄠ
颮,ㄅㄧㄠ,ㄆㄠˊ
麃,ㄅㄧㄠ,ㄆㄠˊ
儦,ㄅㄧㄠ
瀌,ㄅㄧㄠ
藨,ㄅㄧㄠ
臕,ㄅㄧㄠ
穮,ㄅㄧㄠ
鑣,ㄅㄧㄠ
爂,ㄅㄧㄠ
表,ㄅㄧㄠˇ
俵,ㄅㄧㄠˇ
婊,ㄅㄧㄠˇ
裱,ㄅㄧㄠˇ
錶,ㄅㄧㄠˇ
褾,ㄅㄧㄠˇ
鰾,ㄅㄧㄠˋ
砭,ㄅㄧㄢ
猵,ㄅㄧㄢ,ㄆㄧㄢˋ
楄,ㄆㄧㄢˊ,ㄅㄧㄢ
蝙,ㄅㄧㄢ,ㄅㄧㄢˇ
編,ㄅㄧㄢ
鯿,ㄅㄧㄢ
箯,ㄅㄧㄢ
鞭,ㄅㄧㄢ
邊,ㄅㄧㄢ
籩,ㄅㄧㄢ
扁,ㄅㄧㄢˇ,ㄆㄧㄢ
匾,ㄅㄧㄢˇ
惼,ㄅㄧㄢˇ
萹,ㄆㄧㄢ,ㄅㄧㄢˇ
碥,ㄅㄧㄢˇ
稨,ㄅㄧㄢˇ
褊,ㄆㄧㄢˊ,ㄅㄧㄢˇ
窆,ㄅㄧㄢˇ
貶,ㄅㄧㄢˇ
卞,ㄅㄧㄢˋ
汴,ㄅㄧㄢˋ
忭,ㄅㄧㄢˋ
抃,ㄅㄧㄢˋ
苄,ㄅㄧㄢˋ
弁,ㄅㄧㄢˋ,ㄆㄢˊ
閞,ㄅㄧㄢˋ
鴘,ㄅㄧㄢˋ
釆,ㄅㄧㄢˋ
便,ㄅㄧㄢˋ,ㄆㄧㄢˊ
緶,ㄅㄧㄢˋ,ㄆㄧㄢˊ
遍,ㄅㄧㄢˋ,ㄆㄧㄢˋ
艑,ㄅㄧㄢˋ
辡,ㄅㄧㄢˋ
辨,ㄅㄧㄢˋ
辮,ㄅㄧㄢˋ
辯,ㄅㄧㄢˋ
變,ㄅㄧㄢˋ
汃,ㄆㄚˋ,ㄅㄧㄣ
份,ㄈㄣˋ,ㄅㄧㄣ
邠,ㄅㄧㄣ
玢,ㄅㄧㄣ
彬,ㄅㄧㄣ
斌,ㄅㄧㄣ
稟,ㄅㄧㄥˇ,ㄅㄧㄣ,ㄌㄧㄣˇ
賓,ㄅㄧㄣ,ㄅㄧㄣˋ
儐,ㄅㄧㄣˋ,ㄅㄧㄣ
濱,ㄅㄧㄣ
檳,ㄅㄧㄣ,ㄅㄧㄥ
蠙,ㄆㄧㄣˊ,ㄅㄧㄣ
繽,ㄅㄧㄣ
鑌,ㄅㄧㄣ
豳,ㄅㄧㄣ
瀕,ㄅㄧㄣ,ㄆㄧㄣˊ
擯,ㄅㄧㄣˋ
殯,ㄅㄧㄣˋ
臏,ㄅㄧㄣˋ
鬢,ㄅㄧㄣˋ
髕,ㄅㄧㄣˋ
冫,ㄅㄧㄥ
并,ㄅㄧㄥˋ,ㄅㄧㄥ
屏,ㄆㄧㄥˊ,ㄅㄧㄥˇ,ㄅㄧㄥ
栟,ㄅㄧㄥ,ㄆㄧㄥˊ
冰,ㄅㄧㄥ
兵,ㄅㄧㄥ
掤,ㄅㄧㄥ
丙,ㄅㄧㄥˇ
怲,ㄅㄧㄥˇ
邴,ㄅㄧㄥˇ
炳,ㄅㄧㄥˇ
柄,ㄅㄧㄥˇ,ㄅㄧㄥˋ
昺,ㄅㄧㄥˇ
秉,ㄅㄧㄥˇ
鉼,ㄅㄧㄥˇ
餅,ㄅㄧㄥˇ
併,ㄅㄧㄥˋ
偋,ㄅㄧㄥˋ
摒,ㄅㄧㄥˋ
病,ㄅㄧㄥˋ
寎,ㄅㄧㄥˋ
逋,ㄅㄨ
晡,ㄅㄨ
餔,ㄅㄨ,ㄅㄨˋ
轐,ㄅㄨˊ
醭,ㄅㄨˊ,ㄆㄨˊ
卜,ㄅㄨˇ
鳪,ㄅㄨˇ
埔,ㄆㄨˇ,ㄅㄨˇ
捕,ㄅㄨˇ,ㄅㄨˋ
哺,ㄅㄨˇ,ㄅㄨˋ,ㄆㄨˇ
補,ㄅㄨˇ
不,ㄅㄨˋ,ㄈㄡˇ,ㄈㄡ,ㄈㄨ
布,ㄅㄨˋ
佈,ㄅㄨˋ
怖,ㄅㄨˋ
鈽,ㄅㄨˋ
步,ㄅㄨˋ
部,ㄅㄨˋ
蔀,ㄅㄨˋ
篰,ㄅㄨˋ
埠,ㄅㄨˋ,ㄈㄨˋ
㕷,ㄆㄚ,ㄆㄧㄚ
啪,ㄆㄚ,ㄆㄧㄚ
趴,ㄆㄚ
葩,ㄆㄚ
爬,ㄆㄚˊ
筢,ㄆㄚˊ
帊,ㄆㄚˋ
怕,ㄆㄚˋ
帕,ㄆㄚˋ
袙,ㄆㄚˋ
坡,ㄆㄛ
陂,ㄆㄧˊ,ㄆㄛ
頗,ㄆㄛ,ㄆㄛˇ
癹,ㄆㄛ
潑,ㄆㄛ
婆,ㄆㄛˊ
番,ㄈㄢ,ㄆㄢ,ㄆㄛˊ
鄱,ㄆㄛˊ
皤,ㄆㄛˊ
搫,ㄆㄢˊ,ㄆㄛˊ
繁,ㄈㄢˊ,ㄆㄛˊ
叵,ㄆㄛˇ
尀,ㄆㄛˇ
笸,ㄆㄛˇ
鉕,ㄆㄛˇ
駊,ㄆㄛˇ
朴,ㄆㄛˋ,ㄆㄨˊ,ㄆㄧㄠˊ
釙,ㄆㄛˋ
珀,ㄆㄛˋ
迫,ㄆㄛˋ
胉,ㄆㄛˋ
粕,ㄆㄛˋ
魄,ㄆㄛˋ,ㄊㄨㄛˋ
破,ㄆㄛˋ
哱,ㄆㄛˋ
蒪,ㄆㄛˋ
醱,ㄆㄛˋ
俳,ㄆㄞˊ
排,ㄆㄞˊ,ㄆㄞˇ
徘,ㄆㄞˊ
牌,ㄆㄞˊ
簰,ㄆㄞˊ
派,ㄆㄞˋ
湃,ㄆㄞˋ
坯,ㄆㄟ,ㄆㄧ
呸,ㄆㄟ
胚,ㄆㄟ
衃,ㄆㄟ,ㄈㄡˊ
披,ㄆㄧ,ㄆㄟ
醅,ㄆㄟ
坏,ㄆㄟˊ,ㄏㄨㄞˋ,ㄍㄨㄞˋ
阫,ㄆㄟˊ
邳,ㄆㄟˊ
培,ㄆㄟˊ,ㄆㄡˇ
陪,ㄆㄟˊ
毰,ㄆㄟˊ
賠,ㄆㄟˊ
裴,ㄆㄟˊ
妃,ㄈㄟ,ㄆㄟˋ
配,ㄆㄟˋ
沛,ㄆㄟˋ
肺,ㄈㄟˋ,ㄆㄟˋ
旆,ㄆㄟˋ
霈,ㄆㄟˋ
帔,ㄆㄟˋ
佩,ㄆㄟˋ
珮,ㄆㄟˋ
茷,ㄈㄚˊ,ㄆㄟˋ
淠,ㄆㄧˋ,ㄆㄟˋ
轡,ㄆㄟˋ
泡,ㄆㄠˋ,ㄆㄠ
拋,ㄆㄠ
脬,ㄆㄠ
庖,ㄆㄠˊ
咆,ㄆㄠˊ
炰,ㄆㄠˊ
袍,ㄆㄠˊ
匏,ㄆㄠˊ
跑,ㄆㄠˇ,ㄆㄠˊ
疱,ㄆㄠˋ
砲,ㄆㄠˋ
皰,ㄆㄠˋ
奅,ㄆㄠˋ
剖,ㄆㄡˇ,ㄆㄡ
抔,ㄆㄡˊ
捊,ㄆㄡˊ
掊,ㄆㄡˊ,ㄆㄡˇ
裒,ㄆㄡˊ
瓿,ㄆㄡˇ
潘,ㄆㄢ
攀,ㄆㄢ
柈,ㄆㄢˊ,ㄆㄢˋ
胖,ㄆㄤˋ,ㄆㄢˊ
幋,ㄆㄢˊ
媻,ㄆㄢˊ
槃,ㄆㄢˊ
磐,ㄆㄢˊ
盤,ㄆㄢˊ
縏,ㄆㄢˊ
鞶,ㄆㄢˊ
磻,ㄆㄢˊ
蟠,ㄆㄢˊ
蹣,ㄇㄢˊ,ㄆㄢˊ
判,ㄆㄢˋ
泮,ㄆㄢˋ
叛,ㄆㄢˋ
牉,ㄆㄢˋ
袢,ㄆㄢˋ,ㄈㄢˊ
畔,ㄆㄢˋ
頖,ㄆㄢˋ
拚,ㄆㄢˋ
盼,ㄆㄢˋ
襻,ㄆㄢˋ
濆,ㄈㄣˊ,ㄆㄣ
噴,ㄆㄣ,ㄆㄣˋ,ㄈㄣˋ
歕,ㄆㄣ,ㄆㄣˋ
盆,ㄆㄣˊ
湓,ㄆㄣˊ
乓,ㄆㄤ
汸,ㄆㄤ
滂,ㄆㄤ
尨,ㄆㄤˊ,ㄇㄤˊ,ㄇㄥˊ
厖,ㄆㄤˊ,ㄇㄤˊ
庬,ㄇㄥˇ,ㄇㄤˊ,ㄆㄤˊ
彷,ㄆㄤˊ,ㄈㄤˇ
雱,ㄆㄤˊ
螃,ㄆㄤˊ
篣,ㄆㄤˊ,ㄆㄥˊ
逄,ㄆㄤˊ,ㄈㄥˊ,ㄆㄥˊ
龐,ㄆㄤˊ
亨,ㄏㄥ,ㄏㄥˊ,ㄆㄥ
烹,ㄆㄥ
泙,ㄆㄥ
怦,ㄆㄥ
抨,ㄆㄥ
砰,ㄆㄥ
軯,ㄆㄥ
閛,ㄆㄥ
駍,ㄆㄥ
恲,ㄆㄥ
淜,ㄆㄥ
硼,ㄆㄥˊ,ㄆㄥ
漰,ㄆㄥ
磞,ㄆㄥ
澎,ㄆㄥ,ㄆㄥˊ
芃,ㄆㄥˊ
朋,ㄆㄥˊ
倗,ㄆㄥˊ
棚,ㄆㄥˊ
輣,ㄆㄥˊ
鬅,ㄆㄥˊ
鵬,ㄆㄥˊ
逢,ㄈㄥˊ,ㄆㄥˊ
蓬,ㄆㄥˊ
髼,ㄆㄥˊ
篷,ㄆㄥˊ
彭,ㄆㄥˊ
膨,ㄆㄥˊ
蟛,ㄆㄥˊ
捧,ㄆㄥˇ
椪,ㄆㄥˋ
碰,ㄆㄥˋ
踫,ㄆㄥˋ
匹,ㄆㄧˇ,ㄆㄧ
丕,ㄆㄧ
伾,ㄆㄧ
狉,ㄆㄧ
秠,ㄆㄧ
駓,ㄆㄧ
批,ㄆㄧ
砒,ㄆㄧ
紕,ㄆㄧ,ㄆㄧˊ
鈚,ㄆㄧˊ,ㄆㄧ
鈹,ㄆㄧˊ,ㄆㄧ
劈,ㄆㄧ,ㄆㄧˇ
霹,ㄆㄧ
阰,ㄆㄧˊ
玭,ㄆㄧㄣˊ,ㄆㄧㄢˊ,ㄆㄧˊ
枇,ㄆㄧˊ
毗,ㄆㄧˊ
毘,ㄆㄧˊ
蚍,ㄆㄧˊ
琵,ㄆㄧˊ
膍,ㄆㄧˊ
貔,ㄆㄧˊ
皮,ㄆㄧˊ
疲,ㄆㄧˊ
啤,ㄆㄧˊ
郫,ㄆㄧˊ
陴,ㄆㄧˊ
脾,ㄆㄧˊ
蜱,ㄆㄧˊ
鼙,ㄆㄧˊ
蠯,ㄆㄧˊ
羆,ㄆㄧˊ
庀,ㄆㄧˇ
仳,ㄆㄧˇ
疋,ㄆㄧˇ,ㄧㄚˇ,ㄕㄨ
圮,ㄆㄧˇ
否,ㄈㄡˇ,ㄆㄧˇ
痞,ㄆㄧˇ
嚭,ㄆㄧˇ
癖,ㄆㄧˇ,ㄆㄧˋ
屁,ㄆㄧˋ
媲,ㄆㄧˋ
濞,ㄆㄧˋ
副,ㄈㄨˋ,ㄆㄧˋ
澼,ㄆㄧˋ
擗,ㄆㄧˋ
甓,ㄆㄧˋ
譬,ㄆㄧˋ
闢,ㄆㄧˋ
鷿,ㄆㄧˋ
潎,ㄆㄧˋ,ㄆㄧㄝ
氕,ㄆㄧㄝ
覕,ㄇㄧㄝˋ,ㄆㄧㄝ
撇,ㄆㄧㄝ,ㄆㄧㄝˇ
瞥,ㄆㄧㄝ
丿,ㄆㄧㄝˇ
嫳,ㄆㄧㄝˋ
票,ㄆㄧㄠˋ,ㄆㄧㄠ
僄,ㄆㄧㄠˋ,ㄆㄧㄠ
漂,ㄆㄧㄠ,ㄆㄧㄠˇ,ㄆㄧㄠˋ
彯,ㄆㄧㄠ
嘌,ㄆㄧㄠ
嫖,ㄆㄧㄠˊ,ㄆㄧㄠ
翲,ㄆㄧㄠ
螵,ㄆㄧㄠ
飄,ㄆㄧㄠ
瓢,ㄆㄧㄠˊ
殍,ㄆㄧㄠˇ
莩,ㄈㄨˊ,ㄆㄧㄠˇ
瞟,ㄆㄧㄠˇ
篻,ㄆㄧㄠˇ
縹,ㄆㄧㄠˇ,ㄆㄧㄠˋ
醥,ㄆㄧㄠˇ
顠,ㄆㄧㄠˇ
皫,ㄆㄧㄠˇ
剽,ㄆㄧㄠˋ
慓,ㄆㄧㄠˋ
驃,ㄆㄧㄠˋ
片,ㄆㄧㄢˋ,ㄆㄧㄢ
偏,ㄆㄧㄢ
媥,ㄆㄧㄢ
篇,ㄆㄧㄢ
翩,ㄆㄧㄢ
平,ㄆㄧㄥˊ,ㄆㄧㄢˊ
楩,ㄆㄧㄢˊ
胼,ㄆㄧㄢˊ
駢,ㄆㄧㄢˊ
骿,ㄆㄧㄢˊ
諞,ㄆㄧㄢˊ,ㄆㄧㄢˇ
蹁,ㄆㄧㄢˊ
騙,ㄆㄧㄢˋ
拼,ㄆㄧㄣ
姘,ㄆㄧㄣ
貧,ㄆㄧㄣˊ
頻,ㄆㄧㄣˊ
嚬,ㄆㄧㄣˊ
蘋,ㄆㄧㄣˊ,ㄆㄧㄥˊ
顰,ㄆㄧㄣˊ
嬪,ㄆㄧㄣˊ
矉,ㄆㄧㄣˊ
品,ㄆㄧㄣˇ
牝,ㄆㄧㄣˋ
聘,ㄆㄧㄣˋ,ㄆㄧㄥˋ
乒,ㄆㄧㄥ
甹,ㄆㄧㄥ
俜,ㄆㄧㄥ
娉,ㄆㄧㄥ
艵,ㄆㄧㄥ,ㄆㄧㄥˊ
頩,ㄆㄧㄥ
坪,ㄆㄧㄥˊ
枰,ㄆㄧㄥˊ
苹,ㄆㄧㄥˊ
秤,ㄔㄥˋ,ㄆㄧㄥˊ
評,ㄆㄧㄥˊ
萍,ㄆㄧㄥˊ
洴,ㄆㄧㄥˊ
帡,ㄆㄧㄥˊ
荓,ㄆㄧㄥˊ
瓶,ㄆㄧㄥˊ
蛢,ㄆㄧㄥˊ
缾,ㄆㄧㄥˊ
軿,ㄆㄧㄥˊ
蓱,ㄆㄧㄥˊ
鵧,ㄆㄧㄥˊ
馮,ㄈㄥˊ,ㄆㄧㄥˊ
憑,ㄆㄧㄥˊ
攴,ㄆㄨ
仆,ㄆㄨ,ㄈㄨˋ
扑,ㄆㄨ
痡,ㄆㄨ
鋪,ㄆㄨ,ㄆㄨˋ
撲,ㄆㄨ
噗,ㄆㄨ
匍,ㄆㄨˊ
莆,ㄈㄨˇ,ㄆㄨˊ
脯,ㄈㄨˇ,ㄆㄨˊ
葡,ㄆㄨˊ
酺,ㄆㄨˊ
蒲,ㄆㄨˊ
蒱,ㄆㄨˊ
菩,ㄆㄨˊ
僕,ㄆㄨˊ
墣,ㄆㄨˊ
璞,ㄆㄨˊ
樸,ㄆㄨˊ
濮,ㄆㄨˊ
襆,ㄆㄨˊ
蹼,ㄆㄨˊ
鏷,ㄆㄨˊ
纀,ㄆㄨˊ
浦,ㄆㄨˇ
圃,ㄆㄨˇ
溥,ㄆㄨˇ
普,ㄆㄨˇ
譜,ㄆㄨˇ
鐠,ㄆㄨˇ
曝,ㄆㄨˋ
媽,ㄇㄚ
螞,ㄇㄚˇ,ㄇㄚ,ㄇㄚˋ
摩,ㄇㄛˊ,ㄇㄚ
嬤,ㄇㄚ
麻,ㄇㄚˊ
痲,ㄇㄚˊ
麼,ㄇㄛˊ,˙ㄇㄚ,ㄇㄚˊ,˙ㄇㄜ
嘛,ㄇㄚˊ,˙ㄇㄚ
犘,ㄇㄚˊ
蟆,ㄇㄚˊ,˙ㄇㄚ
馬,ㄇㄚˇ
傌,ㄇㄚˋ,ㄇㄚˇ
嗎,˙ㄇㄚ,ㄇㄚˇ
瑪,ㄇㄚˇ
碼,ㄇㄚˇ
鎷,ㄇㄚˇ
禡,ㄇㄚˋ
罵,ㄇㄚˋ
摸,ㄇㄛ,ㄇㄠ,ㄇㄛˊ
無,ㄨˊ,ㄇㄛˊ
磨,ㄇㄛˊ,ㄇㄛˋ
魔,ㄇㄛˊ
蘑,ㄇㄛˊ
劘,ㄇㄛˊ
嫫,ㄇㄛˊ
模,ㄇㄛˊ,ㄇㄨˊ
摹,ㄇㄛˊ
膜,ㄇㄛˋ,ㄇㄛˊ
糢,ㄇㄛˊ
謨,ㄇㄛˊ
饃,ㄇㄛˊ
譕,ㄇㄛˊ
抹,ㄇㄛˇ,ㄇㄛˋ
万,ㄇㄛˋ,ㄨㄢˋ
末,ㄇㄛˋ
沫,ㄇㄛˋ
妺,ㄇㄛˋ
茉,ㄇㄛˋ
秣,ㄇㄛˋ
袜,ㄇㄛˋ,ㄨㄚˋ
靺,ㄇㄛˋ
沒,ㄇㄛˋ,ㄇㄟˊ
歿,ㄇㄛˋ
歾,ㄇㄛˋ
陌,ㄇㄛˋ
貊,ㄇㄛˋ
冒,ㄇㄠˋ,ㄇㄛˋ
脈,ㄇㄞˋ,ㄇㄛˋ
眽,ㄇㄛˋ,ㄇㄞˋ
覛,ㄇㄛˋ
霢,ㄇㄛˋ
麥,ㄇㄞˋ,ㄇㄛˋ
莫,ㄇㄛˋ,ㄇㄨˋ
漠,ㄇㄛˋ
寞,ㄇㄛˋ
幕,ㄇㄨˋ,ㄇㄛˋ
鄚,ㄇㄛˋ
嗼,ㄇㄛˋ
瘼,ㄇㄛˋ
貘,ㄇㄛˋ
鏌,ㄇㄛˋ
驀,ㄇㄛˋ
貉,ㄏㄜˊ,ㄏㄠˊ,ㄇㄛˋ
塺,ㄇㄟˊ,ㄇㄛˋ
墨,ㄇㄛˋ
嘿,ㄇㄛˋ,ㄏㄟ
默,ㄇㄛˋ
嚜,ㄇㄛˋ,˙ㄇㄜ
纆,ㄇㄛˋ
埋,ㄇㄞˊ,ㄇㄢˊ
薶,ㄇㄞˊ,ㄨㄛ
霾,ㄇㄞˊ
買,ㄇㄞˇ
賣,ㄇㄞˋ
勱,ㄇㄞˋ
邁,ㄇㄞˋ
玫,ㄇㄟˊ
枚,ㄇㄟˊ
苺,ㄇㄟˊ
梅,ㄇㄟˊ
莓,ㄇㄟˊ
脢,ㄇㄟˊ
酶,ㄇㄟˊ
霉,ㄇㄟˊ
鋂,ㄇㄟˊ
眉,ㄇㄟˊ
湄,ㄇㄟˊ
嵋,ㄇㄟˊ
郿,ㄇㄟˊ
楣,ㄇㄟˊ
媒,ㄇㄟˊ
煤,ㄇㄟˊ
腜,ㄇㄟˊ
禖,ㄇㄟˊ
糜,ㄇㄧˊ,ㄇㄟˊ
黴,ㄇㄟˊ
每,ㄇㄟˇ
挴,ㄇㄟˇ
美,ㄇㄟˇ
渼,ㄇㄟˇ
鎂,ㄇㄟˇ
浼,ㄇㄟˇ
媺,ㄇㄟˇ
沬,ㄇㄟˋ
妹,ㄇㄟˋ
昧,ㄇㄟˋ
眛,ㄇㄟˋ
寐,ㄇㄟˋ
魅,ㄇㄟˋ
袂,ㄇㄟˋ
痗,ㄇㄟˋ
媚,ㄇㄟˋ
瑁,ㄇㄟˋ,ㄇㄠˋ
蝐,ㄇㄟˋ
韎,ㄇㄟˋ
謎,ㄇㄧˊ,ㄇㄧˋ,ㄇㄟˋ
貓,ㄇㄠ
毛,ㄇㄠˊ
旄,ㄇㄠˊ,ㄇㄠˋ
髦,ㄇㄠˊ
矛,ㄇㄠˊ
茅,ㄇㄠˊ
茆,ㄇㄠˇ,ㄇㄠˊ
堥,ㄇㄠˊ,ㄇㄡˊ
髳,ㄇㄠˊ,ㄇㄥˊ
蝥,ㄇㄠˊ
蟊,ㄇㄠˊ
犛,ㄌㄧˊ,ㄇㄠˊ
氂,ㄌㄧˊ,ㄇㄠˊ
錨,ㄇㄠˊ
卯,ㄇㄠˇ
泖,ㄇㄠˇ
昴,ㄇㄠˇ
鉚,ㄇㄠˇ
芼,ㄇㄠˋ
眊,ㄇㄠˋ
耄,ㄇㄠˋ
毣,ㄇㄠˋ
毷,ㄇㄠˋ
茂,ㄇㄠˋ,ㄇㄡˋ
帽,ㄇㄠˋ
媢,ㄇㄠˋ
袤,ㄇㄠˋ,ㄇㄡˋ
楙,ㄇㄠˋ,ㄇㄡˋ
瞀,ㄇㄠˋ,ㄇㄡˋ
蓩,ㄇㄠˋ
懋,ㄇㄠˋ,ㄇㄡˋ
貿,ㄇㄠˋ,ㄇㄡˋ
鄮,ㄇㄠˋ
貌,ㄇㄠˋ
牟,ㄇㄡˊ
侔,ㄇㄡˊ
眸,ㄇㄡˊ
蛑,ㄇㄡˊ
麰,ㄇㄡˊ
鴾,ㄇㄡˊ
鍪,ㄇㄡˊ
鞪,ㄇㄡˊ
謀,ㄇㄡˊ
繆,ㄇㄡˊ,ㄇㄧㄠˋ,ㄇㄧㄡˋ,ㄇㄨˋ,ㄌㄧㄠˊ
牡,ㄇㄨˇ,ㄇㄡˇ
某,ㄇㄡˇ
畝,ㄇㄨˇ,ㄇㄡˇ
屘,ㄇㄢ
顢,ㄇㄢˊ,ㄇㄢ
姏,ㄇㄢˊ
悗,ㄇㄢˊ,ㄇㄣˇ
鞔,ㄇㄢˊ,ㄨㄢˇ
漫,ㄇㄢˋ,ㄇㄢˊ
蔓,ㄇㄢˋ,ㄇㄢˊ
謾,ㄇㄢˊ,ㄇㄢˋ
饅,ㄇㄢˊ
鬘,ㄇㄢˊ
鰻,ㄇㄢˊ
慲,ㄇㄢˊ
樠,ㄇㄢˊ
瞞,ㄇㄢˊ
矕,ㄇㄢˇ,ㄇㄢˊ
蠻,ㄇㄢˊ
滿,ㄇㄢˇ
曼,ㄇㄢˋ,ㄨㄢˋ
僈,ㄇㄢˋ
慢,ㄇㄢˋ
墁,ㄇㄢˋ
鄤,ㄇㄢˋ
幔,ㄇㄢˋ
獌,ㄇㄢˋ,ㄨㄢˋ
嫚,ㄇㄢˋ
縵,ㄇㄢˋ
鏝,ㄇㄢˋ
悶,ㄇㄣˋ,ㄇㄣ
燜,ㄇㄣˋ,ㄇㄣ
門,ㄇㄣˊ
們,ㄇㄣˊ,˙ㄇㄣ
捫,ㄇㄣˊ
鍆,ㄇㄣˊ
璊,ㄇㄣˊ
穈,ㄇㄣˊ
亹,ㄨㄟˇ,ㄇㄣˊ
惛,ㄏㄨㄣ,ㄇㄣˋ
懣,ㄇㄣˋ
汒,ㄇㄤˊ
邙,ㄇㄤˊ
忙,ㄇㄤˊ
杗,ㄇㄤˊ
芒,ㄇㄤˊ
盲,ㄇㄤˊ
氓,ㄇㄤˊ,ㄇㄥˊ
盳,ㄇㄤˊ
茫,ㄇㄤˊ
硭,ㄇㄤˊ
鋩,ㄇㄤˊ
哤,ㄇㄤˊ
牻,ㄇㄤˊ
痝,ㄇㄤˊ
蛖,ㄇㄤˊ
駹,ㄇㄤˊ
蘉,ㄇㄤˊ
鸏,ㄇㄥˊ,ㄇㄥˇ,ㄇㄤˊ
莽,ㄇㄤˇ
漭,ㄇㄤˇ
蟒,ㄇㄤˇ
硥,ㄇㄤˇ
茻,ㄇㄤˇ
矇,ㄇㄥˊ,ㄇㄥ
甿,ㄇㄥˊ
虻,ㄇㄥˊ
罞,ㄇㄥˊ
雺,ㄇㄥˊ
霿,ㄇㄥˊ
莔,ㄇㄥˊ
萌,ㄇㄥˊ
盟,ㄇㄥˊ,ㄇㄥˋ
嫇,ㄇㄥˊ,ㄇㄧㄥˊ
蒙,ㄇㄥˊ
濛,ㄇㄥˊ
懞,ㄇㄥˊ,ㄇㄥˇ
幪,ㄇㄥˊ,ㄇㄥˇ
檬,ㄇㄥˊ
氋,ㄇㄥˊ
曚,ㄇㄥˊ
朦,ㄇㄥˊ
礞,ㄇㄥˊ
艨,ㄇㄥˊ
饛,ㄇㄥˊ
甍,ㄇㄥˊ
瞢,ㄇㄥˊ
懵,ㄇㄥˇ,ㄇㄥˊ
鄳,ㄇㄥˊ,ㄇㄥˇ,ㄇㄧㄥˇ
儚,ㄇㄥˊ
鄸,ㄇㄥˊ
猛,ㄇㄥˇ
蜢,ㄇㄥˇ
艋,ㄇㄥˇ
錳,ㄇㄥˇ
瓾,ㄇㄥˇ
鼆,ㄇㄥˇ
蠓,ㄇㄥˇ
孟,ㄇㄥˋ
夢,ㄇㄥˋ
咪,ㄇㄧ
眯,ㄇㄧˇ,ㄇㄧ
瞇,ㄇㄧ
冞,ㄇㄧˊ
迷,ㄇㄧˊ
麋,ㄇㄧˊ
醚,ㄇㄧˊ
蘪,ㄇㄧˊ
醾,ㄇㄧˊ
縻,ㄇㄧˊ
彌,ㄇㄧˊ
禰,ㄋㄧˇ,ㄇㄧˊ
瀰,ㄇㄧˊ,ㄇㄧˇ
獼,ㄇㄧˊ
靡,ㄇㄧˇ,ㄇㄧˊ
攠,ㄇㄧˊ
爢,ㄇㄧˊ
蘼,ㄇㄧˊ
麛,ㄇㄧˊ
米,ㄇㄧˇ
敉,ㄇㄧˇ
羋,ㄇㄧㄝ,ㄇㄧˇ
弭,ㄇㄧˇ
渳,ㄇㄧˇ
葞,ㄇㄧˇ
濔,ㄇㄧˇ
灖,ㄇㄧˇ
冖,ㄇㄧˋ
塓,ㄇㄧˋ
幎,ㄇㄧˋ
鼏,ㄇㄧˋ
冪,ㄇㄧˋ
日,ㄖˋ,ㄇㄧˋ
汨,ㄇㄧˋ
糸,ㄇㄧˋ,ㄙ
宓,ㄇㄧˋ,ㄈㄨˊ
密,ㄇㄧˋ
滵,ㄇㄧˋ
蜜,ㄇㄧˋ
嘧,ㄇㄧˋ
蔤,ㄇㄧˋ
謐,ㄇㄧˋ
峚,ㄇㄧˋ
覓,ㄇㄧˋ
幦,ㄇㄧˋ
蠠,ㄇㄧˋ
乜,ㄇㄧㄝ,ㄋㄧㄝˋ
咩,ㄇㄧㄝ
滅,ㄇㄧㄝˋ
蔑,ㄇㄧㄝˋ
篾,ㄇㄧㄝˋ
幭,ㄇㄧㄝˋ
蠛,ㄇㄧㄝˋ
衊,ㄇㄧㄝˋ
喵,ㄇㄧㄠ
苗,ㄇㄧㄠˊ
描,ㄇㄧㄠˊ
瞄,ㄇㄧㄠˊ
杪,ㄇㄧㄠˇ
眇,ㄇㄧㄠˇ
秒,ㄇㄧㄠˇ
渺,ㄇㄧㄠˇ
緲,ㄇㄧㄠˇ
淼,ㄇㄧㄠˇ
藐,ㄇㄧㄠˇ
邈,ㄇㄧㄠˇ
妙,ㄇㄧㄠˋ
廟,ㄇㄧㄠˋ
謬,ㄇㄧㄡˋ
宀,ㄇㄧㄢˊ
眠,ㄇㄧㄢˊ
瞑,ㄇㄧㄥˊ,ㄇㄧㄥˇ,ㄇㄧㄢˋ,ㄇㄧㄢˊ
棉,ㄇㄧㄢˊ
綿,ㄇㄧㄢˊ
矊,ㄇㄧㄢˊ,ㄇㄧㄢˇ
媔,ㄇㄧㄢˊ,ㄇㄧㄢˇ
蝒,ㄇㄧㄢˊ
櫋,ㄇㄧㄢˊ
丏,ㄇㄧㄢˇ
沔,ㄇㄧㄢˇ
眄,ㄇㄧㄢˇ
免,ㄇㄧㄢˇ,ㄨㄣˋ
俛,ㄈㄨˇ,ㄇㄧㄢˇ
勉,ㄇㄧㄢˇ
娩,ㄨㄢˇ,ㄇㄧㄢˇ
冕,ㄇㄧㄢˇ
鮸,ㄇㄧㄢˇ,ㄨㄢˇ
偭,ㄇㄧㄢˇ
湎,ㄇㄧㄢˇ
愐,ㄇㄧㄢˇ
腼,ㄇㄧㄢˇ
緬,ㄇㄧㄢˇ
靦,ㄊㄧㄢˇ,ㄇㄧㄢˇ
面,ㄇㄧㄢˋ
麵,ㄇㄧㄢˋ
民,ㄇㄧㄣˊ
岷,ㄇㄧㄣˊ
珉,ㄇㄧㄣˊ
罠,ㄇㄧㄣˊ
緡,ㄇㄧㄣˊ
忞,ㄇㄧㄣˊ
玟,ㄨㄣˊ,ㄇㄧㄣˊ
旻,ㄇㄧㄣˊ
旼,ㄇㄧㄣˊ
痻,ㄇㄧㄣˊ
閩,ㄇㄧㄣˊ,ㄇㄧㄣˇ
皿,ㄇㄧㄣˇ,ㄇㄧㄥˇ
泯,ㄇㄧㄣˇ
抿,ㄇㄧㄣˇ
笢,ㄇㄧㄣˇ
湣,ㄇㄧㄣˇ
愍,ㄇㄧㄣˇ
暋,ㄇㄧㄣˇ
敏,ㄇㄧㄣˇ
鰵,ㄇㄧㄣˇ
閔,ㄇㄧㄣˇ
憫,ㄇㄧㄣˇ
黽,ㄇㄧㄣˇ
僶,ㄇㄧㄣˇ
澠,ㄇㄧㄣˇ,ㄕㄥˊ
名,ㄇㄧㄥˊ
洺,ㄇㄧㄥˊ
茗,ㄇㄧㄥˊ,ㄇㄧㄥˇ
酩,ㄇㄧㄥˇ,ㄇㄧㄥˊ
銘,ㄇㄧㄥˊ
明,ㄇㄧㄥˊ
冥,ㄇㄧㄥˊ
溟,ㄇㄧㄥˊ
鄍,ㄇㄧㄥˊ
蓂,ㄇㄧㄥˊ
暝,ㄇㄧㄥˊ,ㄇㄧㄥˋ
螟,ㄇㄧㄥˊ
鳴,ㄇㄧㄥˊ
命,ㄇㄧㄥˋ
獏,ㄇㄨˊ
氁,ㄇㄨˊ
母,ㄇㄨˇ
坶,ㄇㄨˇ,ㄇㄨˋ
拇,ㄇㄨˇ
姆,ㄇㄨˇ
鉧,ㄇㄨˇ
姥,ㄇㄨˇ,ㄌㄠˇ
木,ㄇㄨˋ
沐,ㄇㄨˋ
霂,ㄇㄨˋ
目,ㄇㄨˋ
苜,ㄇㄨˋ
鉬,ㄇㄨˋ
牧,ㄇㄨˋ
募,ㄇㄨˋ
墓,ㄇㄨˋ
慕,ㄇㄨˋ
暮,ㄇㄨˋ
睦,ㄇㄨˋ
穆,ㄇㄨˋ
鶩,ㄨˋ,ㄇㄨˋ
伐,ㄈㄚ,ㄈㄚˊ
法,ㄈㄚˇ,ㄈㄚˊ,ㄈㄚ
發,ㄈㄚ
瞂,ㄈㄚ
乏,ㄈㄚˊ
垡,ㄈㄚˊ
筏,ㄈㄚˊ
閥,ㄈㄚˊ
罰,ㄈㄚˊ
砝,ㄈㄚˇ
鍅,ㄈㄚˇ
髮,ㄈㄚˇ
琺,ㄈㄚˋ
非,ㄈㄟ,ㄈㄟˇ
婓,ㄈㄟ
啡,ㄈㄟ
斐,ㄈㄟˇ,ㄈㄟ
菲,ㄈㄟˇ,ㄈㄟ,ㄈㄟˋ
扉,ㄈㄟ
裶,ㄈㄟ
蜚,ㄈㄟˇ,ㄈㄟ
緋,ㄈㄟ
霏,ㄈㄟ
馡,ㄈㄟ
騑,ㄈㄟ
飛,ㄈㄟ
肥,ㄈㄟˊ
淝,ㄈㄟˊ
蜰,ㄈㄟˊ
腓,ㄈㄟˊ
匪,ㄈㄟˇ
悱,ㄈㄟˇ
棐,ㄈㄟˇ
榧,ㄈㄟˇ
翡,ㄈㄟˇ
誹,ㄈㄟˇ
篚,ㄈㄟˇ
朏,ㄈㄟˇ
吠,ㄈㄟˋ
沸,ㄈㄟˋ,ㄈㄨˊ
狒,ㄈㄟˋ
胇,ㄈㄟˋ
鐨,ㄈㄟˋ
芾,ㄈㄟˋ,ㄈㄨˊ
厞,ㄈㄟˋ
剕,ㄈㄟˋ
屝,ㄈㄟˋ
痱,ㄈㄟˋ
鯡,ㄈㄟˋ
廢,ㄈㄟˋ
膹,ㄈㄣˋ,ㄈㄟˋ
紑,ㄈㄡ
芣,ㄈㄡˊ
罘,ㄈㄨˊ,ㄈㄡˊ
浮,ㄈㄨˊ,ㄈㄡˊ
缶,ㄈㄡˇ
缹,ㄈㄡˇ
复,ㄈㄨˋ,ㄈㄡˋ
復,ㄈㄨˋ,ㄈㄡˋ
反,ㄈㄢˇ,ㄈㄢ,ㄈㄢˋ
帆,ㄈㄢˊ,ㄈㄢ
犿,ㄈㄢ
幡,ㄈㄢ
蕃,ㄈㄢˊ,ㄈㄢ
旛,ㄈㄢ
翻,ㄈㄢ
繙,ㄈㄢ
轓,ㄈㄢ
籓,ㄈㄢ
凡,ㄈㄢˊ
釩,ㄈㄢˊ
氾,ㄈㄢˋ,ㄈㄢˊ
笲,ㄈㄢˊ
煩,ㄈㄢˊ
薠,ㄈㄢˊ
墦,ㄈㄢˊ
燔,ㄈㄢˊ
璠,ㄈㄢˊ
膰,ㄈㄢˊ
羳,ㄈㄢˊ
藩,ㄈㄢˊ
蹯,ㄈㄢˊ
鐇,ㄈㄢˊ
樊,ㄈㄢˊ
礬,ㄈㄢˊ
蠜,ㄈㄢˊ
瀿,ㄈㄢˊ
蘩,ㄈㄢˊ
颿,ㄈㄢˊ
返,ㄈㄢˇ
販,ㄈㄢˋ
飯,ㄈㄢˋ
犯,ㄈㄢˋ
范,ㄈㄢˋ
笵,ㄈㄢˋ
範,ㄈㄢˋ
汎,ㄈㄢˋ
梵,ㄈㄢˋ
泛,ㄈㄢˋ,ㄈㄥˇ
軬,ㄈㄢˋ
分,ㄈㄣ,ㄈㄣˋ
吩,ㄈㄣ
芬,ㄈㄣ
氛,ㄈㄣ
衯,ㄈㄣ
翂,ㄈㄣ
紛,ㄈㄣ
酚,ㄈㄣ
雰,ㄈㄣ
棻,ㄈㄣ
饙,ㄈㄣ
汾,ㄈㄣˊ
弅,ㄈㄣˋ,ㄈㄣˊ
妢,ㄈㄣˊ
枌,ㄈㄣˊ
秎,ㄈㄣˋ,ㄈㄣˊ
蚡,ㄈㄣˊ
棼,ㄈㄣˊ
鼢,ㄈㄣˊ
墳,ㄈㄣˊ,ㄈㄣˋ
幩,ㄈㄣˊ
蕡,ㄈㄣˊ
羵,ㄈㄣˊ
鼖,ㄈㄣˊ
轒,ㄈㄣˊ
豶,ㄈㄣˊ
黂,ㄈㄣˊ
焚,ㄈㄣˊ,ㄈㄣˋ
粉,ㄈㄣˇ
忿,ㄈㄣˋ
僨,ㄈㄣˋ
憤,ㄈㄣˋ
奮,ㄈㄣˋ
糞,ㄈㄣˋ
瀵,ㄈㄣˋ
匚,ㄈㄤ
方,ㄈㄤ
邡,ㄈㄤ
坊,ㄈㄤ,ㄈㄤˊ
妨,ㄈㄤˊ,ㄈㄤ
枋,ㄈㄤ
芳,ㄈㄤ
肪,ㄈㄤˊ,ㄈㄤ
鈁,ㄈㄤ
防,ㄈㄤˊ
房,ㄈㄤˊ
魴,ㄈㄤˊ
仿,ㄈㄤˇ
放,ㄈㄤˋ,ㄈㄤˇ
昉,ㄈㄤˇ
瓬,ㄈㄤˇ
倣,ㄈㄤˇ
舫,ㄈㄤˇ
紡,ㄈㄤˇ
訪,ㄈㄤˇ
髣,ㄈㄤˇ
丰,ㄈㄥ
封,ㄈㄥ
犎,ㄈㄥ
葑,ㄈㄥ
風,ㄈㄥ,ㄈㄥˋ
楓,ㄈㄥ
瘋,ㄈㄥ
諷,ㄈㄥˋ,ㄈㄥ
峰,ㄈㄥ
烽,ㄈㄥ
蜂,ㄈㄥ
鋒,ㄈㄥ
豐,ㄈㄥ
灃,ㄈㄥ
酆,ㄈㄥ
摓,ㄈㄥˊ
縫,ㄈㄥˊ,ㄈㄥˋ
渢,ㄈㄥˊ
覂,ㄈㄥˇ
唪,ㄈㄥˇ
奉,ㄈㄥˋ
俸,ㄈㄥˋ
鳳,ㄈㄥˋ
賵,ㄈㄥˋ
夫,ㄈㄨ,ㄈㄨˊ
伕,ㄈㄨ
荴,ㄈㄨ
趺,ㄈㄨ
鈇,ㄈㄨ
麩,ㄈㄨ
孚,ㄈㄨˊ,ㄈㄨ
稃,ㄈㄨ
孵,ㄈㄨ
柎,ㄈㄨ
胕,ㄈㄨˊ,ㄈㄨ
跗,ㄈㄨ
尃,ㄈㄨ
敷,ㄈㄨ
鄜,ㄈㄨ
膚,ㄈㄨ
扶,ㄈㄨˊ
芙,ㄈㄨˊ
蚨,ㄈㄨˊ
巿,ㄈㄨˊ
弗,ㄈㄨˊ
刜,ㄈㄨˊ
咈,ㄈㄨˊ
岪,ㄈㄨˊ
彿,ㄈㄨˊ
氟,ㄈㄨˊ
艴,ㄈㄨˊ
紼,ㄈㄨˊ
髴,ㄈㄨˊ
伏,ㄈㄨˊ
洑,ㄈㄨˊ
茯,ㄈㄨˊ
袱,ㄈㄨˊ
俘,ㄈㄨˊ
垺,ㄈㄨˊ
郛,ㄈㄨˊ
桴,ㄈㄨˊ
罦,ㄈㄨˊ
蜉,ㄈㄨˊ
沷,ㄈㄨˊ
帗,ㄈㄨˊ
祓,ㄈㄨˊ
紱,ㄈㄨˊ
韍,ㄈㄨˊ
黻,ㄈㄨˊ
泭,ㄈㄨˊ
苻,ㄈㄨˊ
符,ㄈㄨˊ
虙,ㄈㄨˊ
服,ㄈㄨˊ
箙,ㄈㄨˊ
鵩,ㄈㄨˊ
涪,ㄈㄨˊ
匐,ㄈㄨˊ
葍,ㄈㄨˊ
福,ㄈㄨˊ
蝠,ㄈㄨˊ
輻,ㄈㄨˊ
鶝,ㄈㄨˊ
鳧,ㄈㄨˊ
綍,ㄈㄨˊ
榑,ㄈㄨˊ
縛,ㄈㄨˊ
澓,ㄈㄨˊ
鍑,ㄈㄨˋ,ㄈㄨˊ
父,ㄈㄨˋ,ㄈㄨˇ
斧,ㄈㄨˇ
釜,ㄈㄨˇ
滏,ㄈㄨˇ
甫,ㄈㄨˇ
郙,ㄈㄨˇ
輔,ㄈㄨˇ
簠,ㄈㄨˇ
黼,ㄈㄨˇ
府,ㄈㄨˇ
拊,ㄈㄨˇ
弣,ㄈㄨˇ
俯,ㄈㄨˇ
腑,ㄈㄨˇ
腐,ㄈㄨˇ
撫,ㄈㄨˇ
頫,ㄈㄨˇ
訃,ㄈㄨˋ
赴,ㄈㄨˋ
付,ㄈㄨˋ
咐,ㄈㄨˋ
附,ㄈㄨˋ
祔,ㄈㄨˋ
蚹,ㄈㄨˋ
駙,ㄈㄨˋ
鮒,ㄈㄨˋ
阜,ㄈㄨˋ
蛗,ㄈㄨˋ
腹,ㄈㄨˋ
複,ㄈㄨˋ
蝮,ㄈㄨˋ
輹,ㄈㄨˋ
覆,ㄈㄨˋ
馥,ㄈㄨˋ
鰒,ㄈㄨˋ
負,ㄈㄨˋ
偩,ㄈㄨˋ
蝜,ㄈㄨˋ
富,ㄈㄨˋ
褔,ㄈㄨˋ
婦,ㄈㄨˋ
傅,ㄈㄨˋ
賻,ㄈㄨˋ
賦,ㄈㄨˋ
耷,ㄉㄚ
答,ㄉㄚˊ,ㄉㄚ
搭,ㄉㄚ
嗒,ㄊㄚˋ,ㄉㄚ
褡,ㄉㄚ
噠,ㄉㄚˊ,ㄉㄚ
躂,ㄊㄚˋ,ㄉㄚ
打,ㄉㄚˇ,ㄉㄚˊ
怛,ㄉㄚˊ
呾,ㄉㄚˊ
妲,ㄉㄚˊ
靼,ㄉㄚˊ
荅,ㄉㄚˊ,ㄉㄚ
溚,ㄉㄚˊ
瘩,˙ㄉㄚ,ㄉㄚˊ
達,ㄉㄚˊ,ㄊㄚˋ
繨,˙ㄉㄚ,ㄉㄚˊ
韃,ㄉㄚˊ
大,ㄉㄚˋ,ㄉㄞˋ,ㄊㄞˋ
嘚,ㄉㄜ
得,ㄉㄜˊ,ㄉㄟˇ,˙ㄉㄜ,ㄉㄞˇ
德,ㄉㄜˊ
地,ㄉㄧˋ,˙ㄉㄜ
底,ㄉㄧˇ,˙ㄉㄜ
的,ㄉㄧˋ,ㄉㄧˊ,˙ㄉㄜ
呆,ㄉㄞ,ㄞˊ
待,ㄉㄞˋ,ㄉㄞ
獃,ㄉㄞ,ㄞˊ
歹,ㄉㄞˇ,ㄜˋ
傣,ㄉㄞˇ
逮,ㄉㄞˋ,ㄉㄞˇ,ㄉㄧˋ
汏,ㄉㄞˋ
軑,ㄉㄞˋ
代,ㄉㄞˋ
岱,ㄉㄞˋ
玳,ㄉㄞˋ
袋,ㄉㄞˋ
貸,ㄉㄞˋ,ㄊㄜˋ
黛,ㄉㄞˋ
隶,ㄉㄞˋ
埭,ㄉㄞˋ
靆,ㄉㄞˋ
殆,ㄉㄞˋ
迨,ㄉㄞˋ
怠,ㄉㄞˋ
紿,ㄉㄞˋ
駘,ㄊㄞˊ,ㄉㄞˋ
帶,ㄉㄞˋ
蝳,ㄉㄨˊ,ㄉㄞˋ
戴,ㄉㄞˋ
襶,ㄉㄞˋ
刀,ㄉㄠ
忉,ㄉㄠ
叨,ㄊㄠ,ㄉㄠ
舠,ㄉㄠ
氘,ㄉㄠ
捯,ㄉㄠˊ
倒,ㄉㄠˇ,ㄉㄠˋ
島,ㄉㄠˇ
搗,ㄉㄠˇ
導,ㄉㄠˇ,ㄉㄠˋ
擣,ㄉㄠˇ
禱,ㄉㄠˇ
到,ㄉㄠˋ
悼,ㄉㄠˋ
盜,ㄉㄠˋ
道,ㄉㄠˋ
翢,ㄉㄠˋ,ㄓㄡ
稻,ㄉㄠˋ
蹈,ㄉㄠˋ
幬,ㄉㄠˋ,ㄔㄡˊ
燾,ㄊㄠˊ,ㄉㄠˋ
翿,ㄉㄠˋ,ㄊㄠˊ
纛,ㄉㄠˋ,ㄉㄨˊ
唗,ㄉㄡ
都,ㄉㄨ,ㄉㄡ
兜,ㄉㄡ
篼,ㄉㄡ
斗,ㄉㄡˇ
抖,ㄉㄡˇ
蚪,ㄉㄡˇ
陡,ㄉㄡˇ
豆,ㄉㄡˋ
逗,ㄉㄡˋ
荳,ㄉㄡˋ
脰,ㄉㄡˋ
痘,ㄉㄡˋ
餖,ㄉㄡˋ
鬥,ㄉㄡˋ
竇,ㄉㄡˋ
讀,ㄉㄨˊ,ㄉㄡˋ
丹,ㄉㄢ
眈,ㄉㄢ
耽,ㄉㄢ
酖,ㄉㄢ,ㄓㄣˋ
聃,ㄉㄢ
湛,ㄓㄢˋ,ㄉㄢ
愖,ㄔㄣˊ,ㄉㄢ
單,ㄉㄢ,ㄕㄢˋ,ㄔㄢˊ
鄲,ㄉㄢ
殫,ㄉㄢ
癉,ㄉㄢˋ,ㄉㄢ
襌,ㄉㄢ
簞,ㄉㄢ
儋,ㄉㄢ
擔,ㄉㄢ,ㄉㄢˋ
甔,ㄉㄢ,ㄉㄢˋ
抌,ㄉㄢˇ,ㄓㄣˇ
紞,ㄉㄢˇ
黕,ㄉㄢˇ
疸,ㄉㄢˇ
亶,ㄉㄢˇ
撢,ㄉㄢˇ,ㄊㄢˋ
撣,ㄉㄢˇ,ㄕㄢˋ
膽,ㄉㄢˇ
石,ㄕˊ,ㄉㄢˋ
旦,ㄉㄢˋ
但,ㄉㄢˋ
鉭,ㄉㄢˋ
膻,ㄕㄢ,ㄉㄢˋ
繵,ㄔㄢˊ,ㄉㄢˋ
淡,ㄉㄢˋ
啖,ㄉㄢˋ
氮,ㄉㄢˋ
餤,ㄉㄢˋ,ㄊㄢˊ
啗,ㄉㄢˋ
萏,ㄉㄢˋ
窞,ㄉㄢˋ
蛋,ㄉㄢˋ
髧,ㄉㄢˋ
僤,ㄉㄢˋ
潬,ㄉㄢˋ,ㄊㄢ
憚,ㄉㄢˋ
彈,ㄉㄢˋ,ㄊㄢˊ
蜑,ㄉㄢˋ
誕,ㄉㄢˋ
澹,ㄉㄢˋ,ㄊㄢˊ
憺,ㄉㄢˋ
㩐,ㄉㄣˋ
當,ㄉㄤ,ㄉㄤˋ,ㄉㄤˇ
噹,ㄉㄤ
璫,ㄉㄤ
襠,ㄉㄤ
簹,ㄉㄤ
鐺,ㄉㄤ,ㄔㄥ
党,ㄉㄤˇ
瓽,ㄉㄤˋ,ㄉㄤˇ
擋,ㄉㄤˇ
檔,ㄉㄤˇ,ㄉㄤˋ
黨,ㄉㄤˇ
攩,ㄉㄤˇ
讜,ㄉㄤˇ
宕,ㄉㄤˋ
逿,ㄉㄤˋ
碭,ㄉㄤˋ
蕩,ㄉㄤˋ
盪,ㄉㄤˋ
簜,ㄉㄤˋ
登,ㄉㄥ
噔,ㄉㄥ
燈,ㄉㄥ
㲪,ㄉㄥ
簦,ㄉㄥ
鐙,ㄉㄥˋ,ㄉㄥ
豋,ㄉㄥ
等,ㄉㄥˇ
戥,ㄉㄥˇ
凳,ㄉㄥˋ
澄,ㄔㄥˊ,ㄉㄥˋ
墱,ㄉㄥˋ
嶝,ㄉㄥˋ
鄧,ㄉㄥˋ
隥,ㄉㄥˋ
磴,ㄉㄥˋ
瞪,ㄉㄥˋ
蹬,ㄉㄥˋ
氐,ㄉㄧ,ㄉㄧˇ
低,ㄉㄧ
羝,ㄉㄧ
袛,ㄉㄧ
堤,ㄊㄧˊ,ㄉㄧ
提,ㄊㄧˊ,ㄉㄧ,ㄕˊ
鍉,ㄉㄧ,ㄉㄧˊ,ㄔˊ
鞮,ㄉㄧ
菂,ㄉㄧ
滴,ㄉㄧ
鏑,ㄉㄧˊ,ㄉㄧ
磾,ㄉㄧ
狄,ㄉㄧˊ
荻,ㄉㄧˊ
靮,ㄉㄧˊ
苖,ㄉㄧˊ
迪,ㄉㄧˊ
笛,ㄉㄧˊ
滌,ㄉㄧˊ
嘀,ㄉㄧˊ
嫡,ㄉㄧˊ
適,ㄕˋ,ㄉㄧˊ
敵,ㄉㄧˊ
樀,ㄉㄧˊ
甋,ㄉㄧˊ
蹢,ㄓˊ,ㄉㄧˊ
翟,ㄓㄞˊ,ㄉㄧˊ
藋,ㄉㄧㄠˋ,ㄉㄧˊ
糴,ㄉㄧˊ
鸐,ㄉㄧˊ
覿,ㄉㄧˊ
坻,ㄔˊ,ㄉㄧˇ
抵,ㄉㄧˇ,ㄓˇ
邸,ㄉㄧˇ
弤,ㄉㄧˇ
阺,ㄉㄧˇ
柢,ㄉㄧˇ
牴,ㄉㄧˇ
砥,ㄉㄧˇ
詆,ㄉㄧˇ
觝,ㄉㄧˇ
弟,ㄉㄧˋ,ㄊㄧˋ
娣,ㄉㄧˋ
第,ㄉㄧˋ
睇,ㄉㄧˋ
玓,ㄉㄧˋ
杕,ㄉㄧˋ,ㄉㄨㄛˋ
釱,ㄉㄧˋ
帝,ㄉㄧˋ
蒂,ㄉㄧˋ
禘,ㄉㄧˋ
碲,ㄉㄧˋ
締,ㄉㄧˋ
諦,ㄉㄧˋ
棣,ㄉㄧˋ,ㄊㄧˋ
蝃,ㄉㄧˋ
遞,ㄉㄧˋ
遰,ㄉㄧˋ
踶,ㄉㄧˋ,ㄓˋ
爹,ㄉㄧㄝ
嗲,ㄉㄧㄝ
凸,ㄊㄨˊ,ㄉㄧㄝˊ,ㄊㄨ,ㄍㄨˇ
佚,ㄧˋ,ㄉㄧㄝˊ
柣,ㄓˊ,ㄉㄧㄝˊ
昳,ㄉㄧㄝˊ,ㄧˋ
迭,ㄉㄧㄝˊ
瓞,ㄉㄧㄝˊ
跌,ㄉㄧㄝˊ
垤,ㄉㄧㄝˊ
咥,ㄒㄧˋ,ㄉㄧㄝˊ
峌,ㄉㄧㄝˊ
臷,ㄉㄧㄝˊ,ㄓˋ
耋,ㄉㄧㄝˊ
絰,ㄉㄧㄝˊ
螲,ㄉㄧㄝˊ
惵,ㄉㄧㄝˊ
堞,ㄉㄧㄝˊ
喋,ㄉㄧㄝˊ,ㄓㄚˊ
楪,ㄉㄧㄝˊ
牒,ㄉㄧㄝˊ
碟,ㄉㄧㄝˊ
褋,ㄉㄧㄝˊ
蝶,ㄉㄧㄝˊ
艓,ㄉㄧㄝˊ
諜,ㄉㄧㄝˊ
蹀,ㄉㄧㄝˊ
鰈,ㄉㄧㄝˊ
跕,ㄊㄧㄝ,ㄉㄧㄝˊ
墆,ㄉㄧㄝˊ
嵽,ㄉㄧㄝˊ
褶,ㄉㄧㄝˊ,ㄒㄩㄝˊ,ㄓㄜˊ,ㄒㄧˊ
疊,ㄉㄧㄝˊ
氎,ㄉㄧㄝˊ
刁,ㄉㄧㄠ
叼,ㄉㄧㄠ
凋,ㄉㄧㄠ
彫,ㄉㄧㄠ
琱,ㄉㄧㄠ
碉,ㄉㄧㄠ
雕,ㄉㄧㄠ
鵰,ㄉㄧㄠ
鯛,ㄉㄧㄠ
蛁,ㄉㄧㄠ
貂,ㄉㄧㄠ
屌,ㄉㄧㄠˇ
鳥,ㄋㄧㄠˇ,ㄉㄧㄠˇ
弔,ㄉㄧㄠˋ
吊,ㄉㄧㄠˋ
銱,ㄉㄧㄠˋ
掉,ㄉㄧㄠˋ
釣,ㄉㄧㄠˋ
誂,ㄊㄧㄠˇ,ㄉㄧㄠˋ
銚,ㄧㄠˊ,ㄉㄧㄠˋ
調,ㄊㄧㄠˊ,ㄉㄧㄠˋ
蓧,ㄉㄧㄠˋ
窵,ㄉㄧㄠˋ
乣,ㄉㄧㄡ
丟,ㄉㄧㄡ
銩,ㄉㄧㄡ
拈,ㄋㄧㄢˊ,ㄋㄧㄢˇ,ㄉㄧㄢ
敁,ㄉㄧㄢ
掂,ㄉㄧㄢ
傎,ㄉㄧㄢ
滇,ㄉㄧㄢ
瘨,ㄉㄧㄢ
蹎,ㄉㄧㄢ
顛,ㄉㄧㄢ
攧,ㄉㄧㄢ
巔,ㄉㄧㄢ
癲,ㄉㄧㄢ
典,ㄉㄧㄢˇ
痶,ㄉㄧㄢˇ
碘,ㄉㄧㄢˇ
點,ㄉㄧㄢˇ
佃,ㄉㄧㄢˋ,ㄊㄧㄢˊ
甸,ㄉㄧㄢˋ,ㄊㄧㄢˊ
鈿,ㄉㄧㄢˋ,ㄊㄧㄢˊ
店,ㄉㄧㄢˋ
坫,ㄉㄧㄢˋ
阽,ㄉㄧㄢˋ,ㄧㄢˊ
玷,ㄉㄧㄢˋ
扂,ㄉㄧㄢˋ
痁,ㄉㄧㄢˋ
惦,ㄉㄧㄢˋ
踮,ㄉㄧㄢˋ
奠,ㄉㄧㄢˋ
電,ㄉㄧㄢˋ
殿,ㄉㄧㄢˋ
澱,ㄉㄧㄢˋ
癜,ㄉㄧㄢˋ
墊,ㄉㄧㄢˋ
靛,ㄉㄧㄢˋ
簟,ㄉㄧㄢˋ
驔,ㄉㄧㄢˋ
丁,ㄉㄧㄥ,ㄓㄥ
仃,ㄉㄧㄥ
叮,ㄉㄧㄥ
玎,ㄉㄧㄥ
疔,ㄉㄧㄥ
盯,ㄉㄧㄥ
町,ㄊㄧㄥˇ,ㄉㄧㄥ
釘,ㄉㄧㄥ,ㄉㄧㄥˋ
耵,ㄉㄧㄥˇ,ㄊㄧㄥ
酊,ㄉㄧㄥˇ
頂,ㄉㄧㄥˇ
鼎,ㄉㄧㄥˇ
定,ㄉㄧㄥˋ
啶,ㄉㄧㄥˋ
碇,ㄉㄧㄥˋ
錠,ㄉㄧㄥˋ
訂,ㄉㄧㄥˋ
飣,ㄉㄧㄥˋ
鋌,ㄊㄧㄥˇ,ㄉㄧㄥˋ
嘟,ㄉㄨ
闍,ㄉㄨ,ㄕㄜˊ
督,ㄉㄨ
毒,ㄉㄨˊ
碡,ㄉㄨˊ
頓,ㄉㄨㄣˋ,ㄉㄨˊ
獨,ㄉㄨˊ
韣,ㄉㄨˊ
髑,ㄉㄨˊ
瀆,ㄉㄨˊ
櫝,ㄉㄨˊ
殰,ㄉㄨˊ
犢,ㄉㄨˊ
牘,ㄉㄨˊ
贕,ㄉㄨˊ
黷,ㄉㄨˊ
讟,ㄉㄨˊ
肚,ㄉㄨˋ,ㄉㄨˇ
堵,ㄉㄨˇ
睹,ㄉㄨˇ
賭,ㄉㄨˇ
裻,ㄉㄨˇ
篤,ㄉㄨˇ
杜,ㄉㄨˋ
妒,ㄉㄨˋ
度,ㄉㄨˋ,ㄉㄨㄛˋ
渡,ㄉㄨˋ
鍍,ㄉㄨˋ
斁,ㄧˋ,ㄉㄨˋ,ㄊㄨˊ
簬,ㄉㄨˋ
蠹,ㄉㄨˋ
多,ㄉㄨㄛ,ㄉㄨㄛˊ
哆,ㄉㄨㄛ,ㄔㄜˇ
掇,ㄉㄨㄛˊ,ㄉㄨㄛ
剟,ㄉㄨㄛˊ
毲,ㄉㄨㄛˊ
敪,ㄉㄨㄛˊ
裰,ㄉㄨㄛˊ
剫,ㄉㄨㄛˊ
奪,ㄉㄨㄛˊ
襗,ㄗㄜˊ,ㄉㄨㄛˊ
鐸,ㄉㄨㄛˊ
朵,ㄉㄨㄛˇ
垛,ㄉㄨㄛˋ,ㄉㄨㄛˇ
趓,ㄉㄨㄛˇ
躲,ㄉㄨㄛˇ
埵,ㄉㄨㄛˇ
綞,ㄉㄨㄛˇ
鬌,ㄉㄨㄛˇ,ㄉㄨㄛˋ
嚲,ㄉㄨㄛˇ
灺,ㄒㄧㄝˋ,ㄉㄨㄛˋ
馱,ㄊㄨㄛˊ,ㄉㄨㄛˋ
咄,ㄉㄨㄛˋ
柮,ㄉㄨㄛˋ
飿,ㄉㄨㄛˋ
剁,ㄉㄨㄛˋ
跺,ㄉㄨㄛˋ
踱,ㄉㄨㄛˋ
柁,ㄉㄨㄛˋ
舵,ㄉㄨㄛˋ
陊,ㄉㄨㄛˋ
跢,ㄉㄨㄛˋ
惰,ㄉㄨㄛˋ
墯,ㄉㄨㄛˋ
墮,ㄉㄨㄛˋ,ㄏㄨㄟ
嶞,ㄉㄨㄛˋ
追,ㄓㄨㄟ,ㄉㄨㄟ
堆,ㄉㄨㄟ
敦,ㄉㄨㄣ,ㄉㄨㄣˋ,ㄉㄨㄟ,ㄉㄨㄟˋ
兌,ㄉㄨㄟˋ
憝,ㄉㄨㄟˋ
錞,ㄔㄨㄣˊ,ㄉㄨㄟˋ
隊,ㄉㄨㄟˋ
碓,ㄉㄨㄟˋ
對,ㄉㄨㄟˋ
薱,ㄉㄨㄟˋ
懟,ㄉㄨㄟˋ
耑,ㄉㄨㄢ,ㄓㄨㄢ
端,ㄉㄨㄢ
短,ㄉㄨㄢˇ
段,ㄉㄨㄢˋ
腶,ㄉㄨㄢˋ
碫,ㄉㄨㄢˋ
緞,ㄉㄨㄢˋ
毈,ㄉㄨㄢˋ
鍛,ㄉㄨㄢˋ
斷,ㄉㄨㄢˋ
籪,ㄉㄨㄢˋ
惇,ㄉㄨㄣ
墩,ㄉㄨㄣ
燉,ㄉㄨㄣˋ,ㄉㄨㄣ
蹲,ㄉㄨㄣ,ㄘㄨㄣˊ
盹,ㄉㄨㄣˇ
躉,ㄉㄨㄣˇ
沌,ㄉㄨㄣˋ
庉,ㄉㄨㄣˋ,ㄊㄨㄣˊ
囤,ㄉㄨㄣˋ,ㄊㄨㄣˊ
鈍,ㄉㄨㄣˋ
飩,ㄉㄨㄣˋ,ㄊㄨㄣˊ
噸,ㄉㄨㄣˋ
盾,ㄉㄨㄣˋ,ㄕㄨㄣˇ
遁,ㄉㄨㄣˋ
遯,ㄉㄨㄣˋ
冬,ㄉㄨㄥ
咚,ㄉㄨㄥ
氡,ㄉㄨㄥ
鼕,ㄉㄨㄥ
東,ㄉㄨㄥ
涷,ㄉㄨㄥˋ,ㄉㄨㄥ
蝀,ㄉㄨㄥ,ㄉㄨㄥˋ
董,ㄉㄨㄥˇ
懂,ㄉㄨㄥˇ
侗,ㄊㄨㄥˊ,ㄉㄨㄥˋ
洞,ㄉㄨㄥˋ,ㄊㄨㄥˊ
恫,ㄊㄨㄥ,ㄉㄨㄥˋ
垌,ㄉㄨㄥˋ,ㄊㄨㄥˊ
峒,ㄊㄨㄥˊ,ㄉㄨㄥˋ
胴,ㄉㄨㄥˋ
凍,ㄉㄨㄥˋ
棟,ㄉㄨㄥˋ
動,ㄉㄨㄥˋ
湩,ㄉㄨㄥˋ
它,ㄊㄚ,ㄊㄨㄛ,ㄊㄨㄛˊ
佗,ㄊㄨㄛ,ㄊㄨㄛˊ,ㄊㄚ
鉈,ㄊㄚ
他,ㄊㄚ,ㄊㄨㄛ
她,ㄊㄚ
牠,ㄊㄚ,ㄊㄨㄛ
祂,ㄊㄚ
趿,ㄙㄚˋ,ㄊㄚ
靸,ㄊㄚ,ㄙㄚˇ
塌,ㄊㄚ
搨,ㄊㄚˋ,ㄊㄚ
褟,ㄊㄚ
塔,ㄊㄚˇ
鎝,ㄙㄚˋ,ㄊㄚˇ
獺,ㄊㄚˋ,ㄊㄚˇ
拓,ㄊㄨㄛˋ,ㄊㄚˋ
沓,ㄊㄚˋ
涾,ㄊㄚˋ
誻,ㄊㄚˋ
踏,ㄊㄚˋ
鞜,ㄊㄚˋ
濌,ㄊㄚˋ
狧,ㄊㄚˋ
㒓,ㄊㄚˋ
撻,ㄊㄚˋ
闥,ㄊㄚˋ
榻,ㄊㄚˋ
遢,ㄊㄚˋ
毾,ㄊㄚˋ
蹋,ㄊㄚˋ
闒,ㄊㄚˋ
漯,ㄊㄚˋ,ㄌㄨㄛˋ
遝,ㄊㄚˋ
嚃,ㄊㄚˋ
闟,ㄒㄧˋ,ㄊㄚˋ
忒,ㄊㄜˋ
鋱,ㄊㄜˋ
忑,ㄊㄜˋ
貣,ㄊㄜˋ
特,ㄊㄜˋ
慝,ㄊㄜˋ
螣,ㄊㄥˊ,ㄊㄜˋ
台,ㄊㄞ,ㄧˊ,ㄊㄞˊ
苔,ㄊㄞˊ,ㄊㄞ
胎,ㄊㄞ
抬,ㄊㄞˊ
邰,ㄊㄞˊ
炱,ㄊㄞˊ
跆,ㄊㄞˊ
颱,ㄊㄞˊ
鮐,ㄊㄞˊ
臺,ㄊㄞˊ
儓,ㄊㄞˊ
嬯,ㄊㄞˊ
檯,ㄊㄞˊ
薹,ㄊㄞˊ
籉,ㄊㄞˊ
忕,ㄊㄞˋ,ㄕˋ
太,ㄊㄞˋ
汰,ㄊㄞˋ
肽,ㄊㄞˋ
鈦,ㄊㄞˋ
泰,ㄊㄞˋ
態,ㄊㄞˋ
呔,˙ㄊㄞ
夲,ㄊㄠ
弢,ㄊㄠ
掏,ㄊㄠ
滔,ㄊㄠ
慆,ㄊㄠ
搯,ㄊㄠ
謟,ㄊㄠ
韜,ㄊㄠ
絛,ㄊㄠ
濤,ㄊㄠˊ,ㄊㄠ
饕,ㄊㄠ
匋,ㄊㄠˊ
淘,ㄊㄠˊ
啕,ㄊㄠˊ
陶,ㄊㄠˊ,ㄧㄠˊ
萄,ㄊㄠˊ,˙ㄊㄠ
綯,ㄊㄠˊ
騊,ㄊㄠˊ
洮,ㄊㄠˊ,ㄧㄠˊ
咷,ㄊㄠˊ
桃,ㄊㄠˊ
逃,ㄊㄠˊ
鞀,ㄊㄠˊ
檮,ㄊㄠˊ
討,ㄊㄠˇ
套,ㄊㄠˋ
偷,ㄊㄡ
媮,ㄊㄡ,ㄩˊ
鍮,ㄊㄡ
亠,ㄊㄡˊ
投,ㄊㄡˊ
酘,ㄊㄡˊ
骰,ㄊㄡˊ,ㄕㄞˇ
頭,ㄊㄡˊ,˙ㄊㄡ
黈,ㄊㄡˇ
透,ㄊㄡˋ
坍,ㄊㄢ
怹,ㄊㄢ
探,ㄊㄢˋ,ㄊㄢ
貪,ㄊㄢ
嘽,ㄊㄢ,ㄔㄢˇ
灘,ㄊㄢ
攤,ㄊㄢ
癱,ㄊㄢ
倓,ㄊㄢˊ
郯,ㄊㄢˊ
惔,ㄊㄢˊ
痰,ㄊㄢˊ
談,ㄊㄢˊ
錟,ㄊㄢˊ,ㄒㄧㄢ
覃,ㄊㄢˊ,ㄑㄧㄣˊ
潭,ㄊㄢˊ
憛,ㄊㄢˊ
蟫,ㄊㄢˊ
罈,ㄊㄢˊ
譚,ㄊㄢˊ
醰,ㄊㄢˊ
藫,ㄊㄢˊ
鐔,ㄊㄢˊ
壇,ㄊㄢˊ
檀,ㄊㄢˊ
蕁,ㄊㄢˊ,ㄒㄩㄣˊ
曇,ㄊㄢˊ
忐,ㄊㄢˇ
坦,ㄊㄢˇ
袒,ㄊㄢˇ
儃,ㄔㄢˊ,ㄊㄢˇ,ㄕㄢˋ
菼,ㄊㄢˇ
毯,ㄊㄢˇ
嗿,ㄊㄢˇ
醓,ㄊㄢˇ
禫,ㄊㄢˇ
黮,ㄊㄢˇ
炭,ㄊㄢˋ
湠,ㄊㄢˋ
碳,ㄊㄢˋ
羰,ㄊㄢˋ
嘆,ㄊㄢˋ
歎,ㄊㄢˋ
舕,ㄊㄢˋ
湯,ㄊㄤ,ㄕㄤ
鐋,ㄊㄤ
蹚,ㄊㄤ
鏜,ㄊㄤ,ㄊㄤˊ
唐,ㄊㄤˊ
溏,ㄊㄤˊ
塘,ㄊㄤˊ
搪,ㄊㄤˊ
煻,ㄊㄤˊ
榶,ㄊㄤˊ
蓎,ㄊㄤˊ
糖,ㄊㄤˊ
螗,ㄊㄤˊ
赯,ㄊㄤˊ
醣,ㄊㄤˊ
堂,ㄊㄤˊ
棠,ㄊㄤˊ
膛,ㄊㄤˊ
螳,ㄊㄤˊ
餳,ㄒㄧㄥˊ,ㄊㄤˊ
帑,ㄋㄨˊ,ㄊㄤˇ
倘,ㄊㄤˇ,ㄔㄤˊ
淌,ㄊㄤˇ
惝,ㄔㄤˇ,ㄊㄤˇ
躺,ㄊㄤˇ
儻,ㄊㄤˇ
戃,ㄊㄤˇ
爣,ㄊㄤˇ
曭,ㄊㄤˇ
矘,ㄊㄤˇ
钂,ㄊㄤˇ
趟,ㄊㄤˋ
燙,ㄊㄤˋ
疼,ㄊㄥˊ
幐,ㄊㄥˊ
滕,ㄊㄥˊ
縢,ㄊㄥˊ
謄,ㄊㄥˊ
藤,ㄊㄥˊ
騰,ㄊㄥˊ
籐,ㄊㄥˊ
剔,ㄊㄧ
踢,ㄊㄧ
梯,ㄊㄧ
荑,ㄊㄧˊ,ㄧˊ
偍,ㄊㄧˊ
媞,ㄊㄧˊ
隄,ㄊㄧˊ
禔,ㄊㄧˊ
緹,ㄊㄧˊ
醍,ㄊㄧˊ
題,ㄊㄧˊ
騠,ㄊㄧˊ
鶗,ㄊㄧˊ
鯷,ㄊㄧˊ
啼,ㄊㄧˊ
蹄,ㄊㄧˊ
稊,ㄊㄧˊ
綈,ㄊㄧˊ
鵜,ㄊㄧˊ
鷈,ㄊㄧˊ
體,ㄊㄧˇ
剃,ㄊㄧˋ
涕,ㄊㄧˋ
悌,ㄊㄧˋ
銻,ㄊㄧˋ
倜,ㄊㄧˋ
惕,ㄊㄧˋ
裼,ㄊㄧˋ,ㄒㄧˊ
鬄,ㄊㄧˋ
逖,ㄊㄧˋ
屜,ㄊㄧˋ
啻,ㄔˋ,ㄊㄧˋ
替,ㄊㄧˋ
摘,ㄓㄞ,ㄊㄧˋ
擿,ㄓˊ,ㄊㄧˋ
殢,ㄊㄧˋ
薙,ㄊㄧˋ
嚏,ㄊㄧˋ
籊,ㄊㄧˋ
趯,ㄊㄧˋ,ㄩㄝˋ
怗,ㄊㄧㄝ,ㄓㄢ
帖,ㄊㄧㄝ,ㄊㄧㄝˇ,ㄊㄧㄝˋ
貼,ㄊㄧㄝ
鐵,ㄊㄧㄝˇ
驖,ㄊㄧㄝˇ
餮,ㄊㄧㄝˋ
佻,ㄊㄧㄠˊ,ㄊㄧㄠ
庣,ㄊㄧㄠ
恌,ㄊㄧㄠ
挑,ㄊㄧㄠ,ㄊㄧㄠˇ
祧,ㄊㄧㄠ
岧,ㄊㄧㄠˊ
苕,ㄊㄧㄠˊ
迢,ㄊㄧㄠˊ
笤,ㄊㄧㄠˊ
髫,ㄊㄧㄠˊ
齠,ㄊㄧㄠˊ
條,ㄊㄧㄠˊ
鰷,ㄊㄧㄠˊ
蜩,ㄊㄧㄠˊ
鞗,ㄊㄧㄠˊ
朓,ㄊㄧㄠˇ,ㄊㄧㄠˋ
窕,ㄊㄧㄠˇ
嬥,ㄊㄧㄠˇ
眺,ㄊㄧㄠˋ
跳,ㄊㄧㄠˋ
覜,ㄊㄧㄠˋ
糶,ㄊㄧㄠˋ
天,ㄊㄧㄢ
添,ㄊㄧㄢ
酟,ㄊㄧㄢ
田,ㄊㄧㄢˊ
畋,ㄊㄧㄢˊ
恬,ㄊㄧㄢˊ
甜,ㄊㄧㄢˊ
湉,ㄊㄧㄢˊ
填,ㄊㄧㄢˊ
搷,ㄊㄧㄢˊ
磌,ㄊㄧㄢˊ
闐,ㄊㄧㄢˊ
忝,ㄊㄧㄢˇ
舔,ㄊㄧㄢˇ
殄,ㄊㄧㄢˇ
淟,ㄊㄧㄢˇ
㥏,ㄊㄧㄢˇ
腆,ㄊㄧㄢˇ
餂,ㄊㄧㄢˇ
掭,ㄊㄧㄢˋ
蚺,ㄖㄢˊ,ㄊㄧㄢˋ
瑱,ㄊㄧㄢˋ
舚,ㄊㄧㄢˋ
汀,ㄊㄧㄥ
朾,ㄊㄧㄥ
桯,ㄊㄧㄥ,ㄧㄥˊ
鞓,ㄊㄧㄥ
綎,ㄊㄧㄥ
聽,ㄊㄧㄥ,ㄊㄧㄥˋ
廳,ㄊㄧㄥ
廷,ㄊㄧㄥˊ
庭,ㄊㄧㄥˊ
莛,ㄊㄧㄥˊ
蜓,ㄊㄧㄥˊ
筳,ㄊㄧㄥˊ
霆,ㄊㄧㄥˊ
鼮,ㄊㄧㄥˊ
亭,ㄊㄧㄥˊ
停,ㄊㄧㄥˊ
渟,ㄊㄧㄥˊ
婷,ㄊㄧㄥˊ
葶,ㄊㄧㄥˊ
侹,ㄊㄧㄥˇ
挺,ㄊㄧㄥˇ
珽,ㄊㄧㄥˇ
梃,ㄊㄧㄥˇ
脡,ㄊㄧㄥˇ
艇,ㄊㄧㄥˇ
頲,ㄊㄧㄥˇ
禿,ㄊㄨ
鵚,ㄊㄨ
廜,ㄊㄨ
嶀,ㄊㄨ
怢,ㄊㄨˊ
突,ㄊㄨˊ
葖,ㄊㄨˊ
鼵,ㄊㄨˊ
涂,ㄊㄨˊ
悇,ㄊㄨˊ
荼,ㄊㄨˊ,ㄕㄨ
途,ㄊㄨˊ
稌,ㄊㄨˊ
塗,ㄊㄨˊ
嵞,ㄊㄨˊ
酴,ㄊㄨˊ
駼,ㄊㄨˊ
鵌,ㄊㄨˊ
徒,ㄊㄨˊ
跿,ㄊㄨˊ
屠,ㄊㄨˊ,ㄔㄨˊ
瘏,ㄊㄨˊ
菟,ㄊㄨˋ,ㄊㄨˊ
腯,ㄊㄨˊ
圖,ㄊㄨˊ
土,ㄊㄨˇ
吐,ㄊㄨˇ,ㄊㄨˋ
芏,ㄊㄨˇ
釷,ㄊㄨˇ
兔,ㄊㄨˋ
堍,ㄊㄨˋ
拖,ㄊㄨㄛ
托,ㄊㄨㄛ
侂,ㄊㄨㄛ
託,ㄊㄨㄛ
飥,ㄊㄨㄛ
魠,ㄊㄨㄛ
侻,ㄊㄨㄛ,ㄊㄨㄟˋ
梲,ㄓㄨㄛˊ,ㄊㄨㄛ
脫,ㄊㄨㄛ,ㄊㄨㄟˋ
沱,ㄊㄨㄛˊ
坨,ㄊㄨㄛˊ
岮,ㄊㄨㄛˊ
陀,ㄊㄨㄛˊ
砣,ㄊㄨㄛˊ
紽,ㄊㄨㄛˊ
酡,ㄊㄨㄛˊ
跎,ㄊㄨㄛˊ
駝,ㄊㄨㄛˊ
鴕,ㄊㄨㄛˊ
鮀,ㄊㄨㄛˊ
阤,ㄊㄨㄛˊ,ㄓˋ,ㄧˇ
堶,ㄊㄨㄛˊ
橐,ㄊㄨㄛˊ
驒,ㄊㄨㄛˊ
鼉,ㄊㄨㄛˊ
妥,ㄊㄨㄛˇ
庹,ㄊㄨㄛˇ
媠,ㄊㄨㄛˇ,ㄉㄨㄛˋ
橢,ㄊㄨㄛˇ
柝,ㄊㄨㄛˋ
跅,ㄊㄨㄛˋ
唾,ㄊㄨㄛˋ
蘀,ㄊㄨㄛˋ
籜,ㄊㄨㄛˋ
推,ㄊㄨㄟ
蓷,ㄊㄨㄟ
隤,ㄊㄨㄟˊ
蹪,ㄊㄨㄟˊ
頹,ㄊㄨㄟˊ
魋,ㄊㄨㄟˊ
僓,ㄊㄨㄟˇ
腿,ㄊㄨㄟˇ
蛻,ㄊㄨㄟˋ,ㄕㄨㄟˋ
駾,ㄊㄨㄟˋ
退,ㄊㄨㄟˋ
褪,ㄊㄨㄣˋ,ㄊㄨㄟˋ
湍,ㄊㄨㄢ
貒,ㄊㄨㄢ
剸,ㄊㄨㄢˊ,ㄓㄨㄢ
漙,ㄊㄨㄢˊ
慱,ㄊㄨㄢˊ
摶,ㄊㄨㄢˊ
團,ㄊㄨㄢˊ
篿,ㄊㄨㄢˊ,ㄓㄨㄢ
糰,ㄊㄨㄢˊ
畽,ㄊㄨㄢˇ
疃,ㄊㄨㄢˇ
彖,ㄊㄨㄢˋ
褖,ㄊㄨㄢˋ
吞,ㄊㄨㄣ
涒,ㄊㄨㄣ,ㄐㄩㄣ,ㄩㄣ
啍,ㄊㄨㄣ
暾,ㄊㄨㄣ
屯,ㄊㄨㄣˊ,ㄓㄨㄣ,ㄔㄨㄣˊ
忳,ㄊㄨㄣˊ
芚,ㄊㄨㄣˊ
軘,ㄊㄨㄣˊ
魨,ㄊㄨㄣˊ
豚,ㄊㄨㄣˊ
臀,ㄊㄨㄣˊ
汆,ㄊㄨㄣˇ,ㄘㄨㄢ
痌,ㄊㄨㄥ
通,ㄊㄨㄥ
同,ㄊㄨㄥˊ,ㄊㄨㄥˋ
哃,ㄊㄨㄥˊ
桐,ㄊㄨㄥˊ
茼,ㄊㄨㄥˊ
酮,ㄊㄨㄥˊ
銅,ㄊㄨㄥˊ
鮦,ㄊㄨㄥˊ
佟,ㄊㄨㄥˊ
彤,ㄊㄨㄥˊ
童,ㄊㄨㄥˊ
僮,ㄊㄨㄥˊ,ㄓㄨㄤˋ
潼,ㄊㄨㄥˊ
氃,ㄊㄨㄥˊ
橦,ㄊㄨㄥˊ,ㄔㄨㄤˊ,ㄔㄨㄥ
曈,ㄊㄨㄥˊ
朣,ㄊㄨㄥˊ
瞳,ㄊㄨㄥˊ
罿,ㄊㄨㄥˊ,ㄔㄨㄥ
穜,ㄊㄨㄥˊ
艟,ㄊㄨㄥˊ
赨,ㄊㄨㄥˊ
捅,ㄊㄨㄥˇ
桶,ㄊㄨㄥˇ
統,ㄊㄨㄥˇ
筒,ㄊㄨㄥˇ
衕,ㄊㄨㄥˋ
痛,ㄊㄨㄥˋ
慟,ㄊㄨㄥˋ
那,ㄋㄚˋ,ㄋㄟˋ,ㄋㄚˇ,ㄋㄟˇ,ㄋㄚ,ㄋㄨㄛˊ
南,ㄋㄢˊ,ㄋㄚˊ
拏,ㄋㄚˊ
拿,ㄋㄚˊ
哪,ㄋㄚˇ,ㄋㄟˇ,ㄋㄨㄛˊ,˙ㄋㄚ
內,ㄋㄟˋ,ㄋㄚˋ
吶,ㄋㄚˋ
衲,ㄋㄚˋ
納,ㄋㄚˋ
訥,ㄋㄜˋ,ㄋㄚˋ
軜,ㄋㄚˋ
鈉,ㄋㄚˋ
魶,ㄋㄚˋ
娜,ㄋㄨㄛˊ,ㄋㄚˋ
捺,ㄋㄚˋ
眲,ㄋㄜˋ
呢,ㄋㄧˊ,˙ㄋㄜ
乃,ㄋㄞˇ
奶,ㄋㄞˇ
氖,ㄋㄞˇ
釢,ㄋㄞˇ
迺,ㄋㄞˇ
嬭,ㄋㄞˇ
奈,ㄋㄞˋ
柰,ㄋㄞˋ
錼,ㄋㄞˋ
耐,ㄋㄞˋ
鼐,ㄋㄞˋ
褦,ㄋㄞˋ
餒,ㄋㄟˇ
孬,ㄋㄠ
怓,ㄋㄠˊ
呶,ㄋㄠˊ
峱,ㄋㄠˊ
硇,ㄋㄠˊ
猱,ㄋㄠˊ
撓,ㄋㄠˊ
橈,ㄋㄠˊ
譊,ㄋㄠˊ
鐃,ㄋㄠˊ
憹,ㄋㄠˊ,ㄋㄨㄥˊ
獶,ㄋㄠˊ
惱,ㄋㄠˇ
瑙,ㄋㄠˇ
腦,ㄋㄠˇ
淖,ㄋㄠˋ
鬧,ㄋㄠˋ
臑,ㄖㄨˊ,ㄋㄠˋ,ㄦˊ
譨,ㄋㄡˊ
䨲,ㄋㄡˊ
耨,ㄋㄡˋ
檽,ㄋㄡˋ
囡,ㄋㄢ
男,ㄋㄢˊ
柟,ㄋㄢˊ
喃,ㄋㄢˊ
楠,ㄋㄢˊ
蝻,ㄋㄢˊ,ㄋㄢˇ
諵,ㄋㄢˊ
難,ㄋㄢˊ,ㄋㄢˋ
赧,ㄋㄢˇ
腩,ㄋㄢˇ
戁,ㄋㄢˇ
嫩,ㄋㄣˋ
囊,ㄋㄤˊ
曩,ㄋㄤˇ
攮,ㄋㄤˇ
齉,ㄋㄤˋ
囔,˙ㄋㄤ
能,ㄋㄥˊ
儜,ㄋㄥˊ
尼,ㄋㄧˊ
泥,ㄋㄧˊ,ㄋㄧˋ
怩,ㄋㄧˊ
妮,ㄋㄧˊ
鈮,ㄋㄧˊ
兒,ㄦˊ,ㄋㄧˊ
倪,ㄋㄧˊ
堄,ㄋㄧˊ
郳,ㄋㄧˊ
猊,ㄋㄧˊ
婗,ㄋㄧˊ
輗,ㄋㄧˊ
霓,ㄋㄧˊ
麑,ㄋㄧˊ
鯢,ㄋㄧˊ
齯,ㄋㄧˊ
你,ㄋㄧˇ
妳,ㄋㄧˇ,ㄋㄞˇ
柅,ㄋㄧˇ
旎,ㄋㄧˇ
孴,ㄋㄧˇ
儗,ㄋㄧˇ
擬,ㄋㄧˇ
薿,ㄋㄧˇ
昵,ㄋㄧˋ
逆,ㄋㄧˋ
匿,ㄋㄧˋ
暱,ㄋㄧˋ
惄,ㄋㄧˋ
溺,ㄋㄧˋ,ㄋㄧㄠˋ
睨,ㄋㄧˋ
膩,ㄋㄧˋ
嶷,ㄧˊ,ㄋㄧˋ
捏,ㄋㄧㄝ
捻,ㄋㄧㄢˇ,ㄋㄧㄝ
苶,ㄋㄧㄝˊ
痆,ㄋㄧㄝˋ
涅,ㄋㄧㄝˋ
臬,ㄋㄧㄝˋ
嵲,ㄋㄧㄝˋ
臲,ㄋㄧㄝˋ
闑,ㄋㄧㄝˋ
鎳,ㄋㄧㄝˋ
喦,ㄋㄧㄝˋ,ㄐㄧˊ
敜,ㄋㄧㄝˋ
隉,ㄋㄧㄝˋ
業,ㄧㄝˋ,ㄋㄧㄝˋ
踂,ㄋㄧㄝˋ
摰,ㄋㄧㄝˋ
聶,ㄋㄧㄝˋ
攝,ㄕㄜˋ,ㄋㄧㄝˋ
囁,ㄋㄧㄝˋ,ㄓㄜˊ
躡,ㄋㄧㄝˋ
鑷,ㄋㄧㄝˋ
顳,ㄋㄧㄝˋ
孽,ㄋㄧㄝˋ
櫱,ㄋㄧㄝˋ
糱,ㄋㄧㄝˋ
籋,ㄋㄧㄝˋ
齧,ㄋㄧㄝˋ
蔦,ㄋㄧㄠˇ
裊,ㄋㄧㄠˇ
嬝,ㄋㄧㄠˇ
嫋,ㄋㄧㄠˇ
褭,ㄋㄧㄠˇ
嬲,ㄋㄧㄠˇ
尿,ㄋㄧㄠˋ
妞,ㄋㄧㄡ
牛,ㄋㄧㄡˊ
忸,ㄋㄧㄡˇ
扭,ㄋㄧㄡˇ
狃,ㄋㄧㄡˇ
杻,ㄔㄡˇ,ㄋㄧㄡˇ
紐,ㄋㄧㄡˇ
鈕,ㄋㄧㄡˇ
拗,ㄠˋ,ㄠˇ,ㄋㄧㄡˋ,ㄩˋ
蔫,ㄧㄢ,ㄋㄧㄢ
年,ㄋㄧㄢˊ
哖,ㄋㄧㄢˊ
粘,ㄋㄧㄢˊ
鮎,ㄋㄧㄢˊ
黏,ㄋㄧㄢˊ
鯰,ㄋㄧㄢˊ
淰,ㄋㄧㄢˇ,ㄕㄣˇ
輦,ㄋㄧㄢˇ
攆,ㄋㄧㄢˇ
撚,ㄋㄧㄢˇ
碾,ㄋㄧㄢˇ
輾,ㄓㄢˇ,ㄋㄧㄢˇ
廿,ㄋㄧㄢˋ
念,ㄋㄧㄢˋ
埝,ㄋㄧㄢˋ
唸,ㄋㄧㄢˋ
恁,ㄖㄣˋ,ㄋㄧㄣˊ
您,ㄋㄧㄣˊ
孃,ㄋㄧㄤˊ
釀,ㄋㄧㄤˋ
甯,ㄋㄧㄥˋ,ㄋㄧㄥˊ
寧,ㄋㄧㄥˊ,ㄋㄧㄥˋ
擰,ㄋㄧㄥˊ,ㄋㄧㄥˇ,ㄋㄧㄥˋ
嚀,ㄋㄧㄥˊ
獰,ㄋㄧㄥˊ
檸,ㄋㄧㄥˊ
聹,ㄋㄧㄥˊ
鬡,ㄋㄧㄥˊ
凝,ㄋㄧㄥˊ
佞,ㄋㄧㄥˋ
濘,ㄋㄧㄥˋ
奴,ㄋㄨˊ
孥,ㄋㄨˊ
笯,ㄋㄨˊ
駑,ㄋㄨˊ
努,ㄋㄨˇ
弩,ㄋㄨˇ
砮,ㄋㄨˇ
怒,ㄋㄨˋ
傉,ㄋㄨˋ
挪,ㄋㄨㄛˊ
挼,ㄋㄨㄛˊ,ㄏㄨㄟ
儺,ㄋㄨㄛˊ
㛂,ㄋㄨㄛˇ
掿,ㄋㄨㄛˋ
喏,ㄖㄜˇ,ㄋㄨㄛˋ
諾,ㄋㄨㄛˋ
搦,ㄋㄨㄛˋ
懦,ㄋㄨㄛˋ
糯,ㄋㄨㄛˋ
渜,ㄋㄨㄢˇ
餪,ㄋㄨㄢˇ
暖,ㄋㄨㄢˇ,ㄒㄩㄢ
黁,ㄋㄨㄣˊ
農,ㄋㄨㄥˊ
儂,ㄋㄨㄥˊ
濃,ㄋㄨㄥˊ
噥,ㄋㄨㄥˊ
膿,ㄋㄨㄥˊ
穠,ㄋㄨㄥˊ
襛,ㄋㄨㄥˊ
醲,ㄋㄨㄥˊ
弄,ㄋㄨㄥˋ,ㄌㄨㄥˋ
女,ㄋㄩˇ,ㄋㄩˋ
籹,ㄋㄩˇ,ㄓㄨㄤ
釹,ㄋㄩˇ
恧,ㄋㄩˋ
衄,ㄋㄩˋ
朒,ㄋㄩˋ
虐,ㄋㄩㄝˋ
瘧,ㄋㄩㄝˋ
謔,ㄋㄩㄝˋ
拉,ㄌㄚ
啦,ㄌㄚ,˙ㄌㄚ
喇,ㄌㄚˇ,ㄌㄚ
旯,ㄌㄚˊ
剌,ㄌㄚˋ,ㄌㄚˊ
邋,ㄌㄚˊ,ㄌㄧㄝˋ
瘌,ㄌㄚˋ,˙ㄌㄚ
蝲,ㄌㄚˋ
落,ㄌㄨㄛˋ,ㄌㄠˋ,ㄌㄚˋ
辣,ㄌㄚˋ
臘,ㄌㄚˋ
蠟,ㄌㄚˋ
鑞,ㄌㄚˋ
咯,ㄌㄨㄛˋ,˙ㄌㄛ,ㄍㄜ,ㄍㄜˊ,ㄎㄚˇ
仂,ㄌㄜˋ
扐,ㄌㄜˋ
阞,ㄌㄜˋ
肋,ㄌㄜˋ,ㄌㄟˋ
泐,ㄌㄜˋ
勒,ㄌㄜˋ,ㄌㄟ
垃,ㄌㄜˋ
埒,ㄌㄜˋ
捋,ㄌㄜˋ,ㄌㄩˇ,ㄌㄨㄛ
哷,ㄌㄜˋ
樂,ㄩㄝˋ,ㄌㄜˋ,ㄌㄠˋ,ㄧㄠˋ
了,ㄌㄧㄠˇ,˙ㄌㄜ
來,ㄌㄞˊ,ㄌㄞˋ
倈,ㄌㄞˊ
淶,ㄌㄞˊ
郲,ㄌㄞˊ
崍,ㄌㄞˊ
徠,ㄌㄞˊ,ㄌㄞˋ
猍,ㄌㄞˊ
棶,ㄌㄞˊ
萊,ㄌㄞˊ
錸,ㄌㄞˊ
騋,ㄌㄞˊ
鶆,ㄌㄞˊ
鯠,ㄌㄞˊ
勑,ㄌㄞˋ,ㄔˋ
睞,ㄌㄞˋ
賚,ㄌㄞˋ
厲,ㄌㄧˋ,ㄌㄞˋ
賴,ㄌㄞˋ
瀨,ㄌㄞˋ
藾,ㄌㄞˋ
癩,ㄌㄞˋ
籟,ㄌㄞˋ
累,ㄌㄟˇ,ㄌㄟˋ,ㄌㄟˊ
嫘,ㄌㄟˊ
蔂,ㄌㄟˊ
縲,ㄌㄟˊ
雷,ㄌㄟˊ
擂,ㄌㄟˊ,ㄌㄟˋ
檑,ㄌㄟˊ
鐳,ㄌㄟˊ
羸,ㄌㄟˊ
罍,ㄌㄟˊ
纍,ㄌㄟˊ
轠,ㄌㄟˊ
㶟,ㄌㄟˇ,ㄌㄟˊ
耒,ㄌㄟˇ
誄,ㄌㄟˇ
蜼,ㄌㄟˇ
磊,ㄌㄟˇ
蕾,ㄌㄟˇ
儡,ㄌㄟˇ
壘,ㄌㄟˇ,ㄌㄩˋ
藟,ㄌㄟˇ
礧,ㄌㄟˇ,ㄌㄟˋ
礨,ㄌㄟˇ
欙,ㄌㄟˇ
淚,ㄌㄟˋ
酹,ㄌㄟˋ
礌,ㄌㄟˋ
類,ㄌㄟˋ
纇,ㄌㄟˋ
禷,ㄌㄟˋ
撈,ㄌㄠˊ,ㄌㄠ
牢,ㄌㄠˊ
哰,ㄌㄠˊ
勞,ㄌㄠˊ,ㄌㄠˋ
僗,ㄌㄠˊ
嘮,ㄌㄠˊ
嶗,ㄌㄠˊ
癆,ㄌㄠˊ
轑,ㄌㄠˇ,ㄌㄠˊ
醪,ㄌㄠˊ
老,ㄌㄠˇ
佬,ㄌㄠˇ
狫,ㄌㄠˇ
栳,ㄌㄠˇ
銠,ㄌㄠˇ
潦,ㄌㄠˋ,ㄌㄠˇ,ㄌㄧㄠˊ
橑,ㄌㄠˇ
鐒,ㄌㄠˇ
烙,ㄌㄠˋ,ㄌㄨㄛˋ
絡,ㄌㄨㄛˋ,ㄌㄠˋ
酪,ㄌㄨㄛˋ,ㄌㄠˋ
澇,ㄌㄠˋ
嫪,ㄌㄠˋ
摟,ㄌㄡˊ,ㄌㄡ,ㄌㄡˇ
婁,ㄌㄡˊ,ㄌㄩˇ
僂,ㄌㄡˊ
漊,ㄌㄡˊ
廔,ㄌㄡˊ
慺,ㄌㄡˊ,ㄌㄩˇ
嘍,ㄌㄡˊ,˙ㄌㄡ
樓,ㄌㄡˊ
蔞,ㄌㄡˊ
窶,ㄐㄩˋ,ㄌㄡˊ
螻,ㄌㄡˊ
耬,ㄌㄡˊ
艛,ㄌㄡˊ
鞻,ㄌㄡˊ
髏,ㄌㄡˊ
塿,ㄌㄡˇ
嶁,ㄌㄡˇ
簍,ㄌㄡˇ
陋,ㄌㄡˋ
漏,ㄌㄡˋ
瘺,ㄌㄡˋ
瘻,ㄌㄡˋ,ㄌㄩˊ
鏤,ㄌㄡˋ
露,ㄌㄨˋ,ㄌㄡˋ
惏,ㄌㄢˊ,ㄌㄧㄣˊ
婪,ㄌㄢˊ
嵐,ㄌㄢˊ
闌,ㄌㄢˊ
瀾,ㄌㄢˊ,ㄌㄢˋ
攔,ㄌㄢˊ
斕,ㄌㄢˊ
瓓,ㄌㄢˊ
欄,ㄌㄢˊ
蘭,ㄌㄢˊ
襴,ㄌㄢˊ
籣,ㄌㄢˊ
讕,ㄌㄢˊ
鑭,ㄌㄢˊ
㲯,ㄌㄢˊ
藍,ㄌㄢˊ
礛,ㄐㄧㄢ,ㄌㄢˊ
襤,ㄌㄢˊ
籃,ㄌㄢˊ
䰐,ㄌㄢˊ
罱,ㄌㄢˇ
壈,ㄌㄢˇ
爁,ㄌㄢˋ,ㄌㄢˇ
覽,ㄌㄢˇ
攬,ㄌㄢˇ
欖,ㄌㄢˇ
纜,ㄌㄢˇ
懶,ㄌㄢˇ
濫,ㄌㄢˋ
爛,ㄌㄢˋ
啷,ㄌㄤ
郎,ㄌㄤˊ
浪,ㄌㄤˋ,ㄌㄤˊ
狼,ㄌㄤˊ
琅,ㄌㄤˊ
桹,ㄌㄤˊ
莨,ㄌㄤˊ,ㄌㄧㄤˊ
廊,ㄌㄤˊ
稂,ㄌㄤˊ
嫏,ㄌㄤˊ
瑯,ㄌㄤˊ
榔,ㄌㄤˊ
筤,ㄌㄤˊ
螂,ㄌㄤˊ
閬,ㄌㄤˇ,ㄌㄤˋ,ㄌㄤˊ
鋃,ㄌㄤˊ
駺,ㄌㄤˊ
羹,ㄍㄥ,ㄌㄤˊ
朗,ㄌㄤˇ
烺,ㄌㄤˇ
埌,ㄌㄤˋ
蒗,ㄌㄤˋ
愣,ㄌㄥˋ,ㄌㄥ
崚,ㄌㄥˊ
棱,ㄌㄥˊ
稜,ㄌㄥˊ
薐,ㄌㄥˊ
楞,ㄌㄥˊ,ㄌㄥˋ
冷,ㄌㄥˇ
怔,ㄓㄥ,ㄌㄥˋ
哩,ㄌㄧ,˙ㄌㄧ,ㄌㄧˇ
浬,ㄌㄧˇ,ㄌㄧˊ
狸,ㄌㄧˊ
梩,ㄌㄧˊ
貍,ㄌㄧˊ
漓,ㄌㄧˊ
璃,ㄌㄧˊ
縭,ㄌㄧˊ
醨,ㄌㄧˊ
離,ㄌㄧˊ
灕,ㄌㄧˊ
蘺,ㄌㄧˊ
䍦,ㄌㄧˊ
籬,ㄌㄧˊ
梨,ㄌㄧˊ
犁,ㄌㄧˊ
蜊,ㄌㄧˊ
菞,ㄌㄧˊ
黎,ㄌㄧˊ
藜,ㄌㄧˊ
黧,ㄌㄧˊ
剺,ㄌㄧˊ
嫠,ㄌㄧˊ
漦,ㄌㄧˊ
釐,ㄌㄧˊ,ㄒㄧ
斄,ㄌㄧˊ
罹,ㄌㄧˊ
麗,ㄌㄧˋ,ㄌㄧˊ
釃,ㄕ,ㄌㄧˊ
驪,ㄌㄧˊ
鸝,ㄌㄧˊ
鱺,ㄌㄧˊ
蠡,ㄌㄧˇ,ㄌㄧˊ
劙,ㄌㄧˊ
李,ㄌㄧˇ
里,ㄌㄧˇ
俚,ㄌㄧˇ
娌,ㄌㄧˇ
理,ㄌㄧˇ
喱,ㄌㄧˇ
裡,ㄌㄧˇ
鋰,ㄌㄧˇ
鯉,ㄌㄧˇ
豊,ㄌㄧˇ
澧,ㄌㄧˇ
禮,ㄌㄧˇ
醴,ㄌㄧˇ
鱧,ㄌㄧˇ
邐,ㄌㄧˇ
力,ㄌㄧˋ
屴,ㄌㄧˋ
荔,ㄌㄧˋ
立,ㄌㄧˋ
苙,ㄌㄧˋ
粒,ㄌㄧˋ
笠,ㄌㄧˋ
蒞,ㄌㄧˋ
鴗,ㄌㄧˋ
吏,ㄌㄧˋ
利,ㄌㄧˋ
俐,ㄌㄧˋ
猁,ㄌㄧˋ
琍,ㄌㄧˋ
莉,ㄌㄧˋ
痢,ㄌㄧˋ
沴,ㄌㄧˋ
例,ㄌㄧˋ
栵,ㄌㄧˋ
戾,ㄌㄧˋ
悷,ㄌㄧˋ
捩,ㄌㄧㄝˋ,ㄌㄧˋ
唳,ㄌㄧˋ
綟,ㄌㄧˋ
鬲,ㄍㄜˊ,ㄌㄧˋ
鎘,ㄍㄜˊ,ㄌㄧˋ
栗,ㄌㄧˋ
傈,ㄌㄧˋ
溧,ㄌㄧˋ
慄,ㄌㄧˋ
篥,ㄌㄧˋ
厤,ㄌㄧˋ
歷,ㄌㄧˋ
曆,ㄌㄧˋ
瀝,ㄌㄧˋ
壢,ㄌㄧˋ
嚦,ㄌㄧˋ
櫪,ㄌㄧˋ
轣,ㄌㄧˋ
靂,ㄌㄧˋ
詈,ㄌㄧˋ
勵,ㄌㄧˋ
癘,ㄌㄧˋ
礪,ㄌㄧˋ
糲,ㄌㄧˋ
蠣,ㄌㄧˋ
隸,ㄌㄧˋ
瓅,ㄌㄧˋ
櫟,ㄌㄧˋ
礫,ㄌㄧˋ
轢,ㄌㄧˋ
躒,ㄌㄧˋ,ㄌㄨㄛˋ
儷,ㄌㄧˋ
攦,ㄌㄧˋ
酈,ㄌㄧˋ
欐,ㄌㄧˋ
盭,ㄌㄧˋ
攭,ㄌㄧˋ,ㄌㄨㄛˇ
倆,ㄌㄧㄤˇ,ㄌㄧㄚˇ
咧,ㄌㄧㄝ,ㄌㄧㄝˊ,ㄌㄧㄝˇ
列,ㄌㄧㄝˋ
冽,ㄌㄧㄝˋ
洌,ㄌㄧㄝˋ
烈,ㄌㄧㄝˋ
裂,ㄌㄧㄝˋ
趔,ㄌㄧㄝˋ
颲,ㄌㄧㄝˋ
鴷,ㄌㄧㄝˋ
劣,ㄌㄧㄝˋ
脟,ㄌㄧㄝˋ,ㄌㄨㄢˇ
獵,ㄌㄧㄝˋ
躐,ㄌㄧㄝˋ
鬣,ㄌㄧㄝˋ
撩,ㄌㄧㄠˊ,ㄌㄧㄠ
聊,ㄌㄧㄠˊ
漻,ㄌㄧㄠˊ
寥,ㄌㄧㄠˊ
憀,ㄌㄧㄠˊ
飂,ㄌㄧㄠˊ
膋,ㄌㄧㄠˊ
僚,ㄌㄧㄠˊ
寮,ㄌㄧㄠˊ
嘹,ㄌㄧㄠˊ
獠,ㄌㄧㄠˊ
嫽,ㄌㄧㄠˊ
燎,ㄌㄧㄠˋ,ㄌㄧㄠˇ,ㄌㄧㄠˊ
遼,ㄌㄧㄠˊ
療,ㄌㄧㄠˊ
繚,ㄌㄧㄠˊ
鐐,ㄌㄧㄠˊ,ㄌㄧㄠˋ
飉,ㄌㄧㄠˊ
鷯,ㄌㄧㄠˊ
敹,ㄌㄧㄠˊ
釕,ㄌㄧㄠˇ,ㄌㄧㄠˋ
瞭,ㄌㄧㄠˇ,ㄌㄧㄠˋ
蓼,ㄌㄨˋ,ㄌㄧㄠˇ
尥,ㄌㄧㄠˋ
料,ㄌㄧㄠˋ
廖,ㄌㄧㄠˋ
撂,ㄌㄧㄠˋ
溜,ㄌㄧㄡˋ,ㄌㄧㄡ
流,ㄌㄧㄡˊ
琉,ㄌㄧㄡˊ
硫,ㄌㄧㄡˊ
旒,ㄌㄧㄡˊ
鎏,ㄌㄧㄡˊ
留,ㄌㄧㄡˊ
榴,ㄌㄧㄡˊ
遛,ㄌㄧㄡˊ,ㄌㄧㄡˋ
瘤,ㄌㄧㄡˊ
鎦,ㄌㄧㄡˊ
餾,ㄌㄧㄡˊ,ㄌㄧㄡˋ
飀,ㄌㄧㄡˊ
騮,ㄌㄧㄡˊ
鶹,ㄌㄧㄡˊ
劉,ㄌㄧㄡˊ
瀏,ㄌㄧㄡˊ
懰,ㄌㄧㄡˊ
疁,ㄌㄧㄡˊ
鏐,ㄌㄧㄡˊ
柳,ㄌㄧㄡˇ
綹,ㄌㄧㄡˇ
罶,ㄌㄧㄡˇ
六,ㄌㄧㄡˋ,ㄌㄨˋ
陸,ㄌㄨˋ,ㄌㄧㄡˋ
蹓,ㄌㄧㄡˋ
霤,ㄌㄧㄡˋ
鷚,ㄌㄧㄡˋ
帘,ㄌㄧㄢˊ
連,ㄌㄧㄢˊ
漣,ㄌㄧㄢˊ
嗹,ㄌㄧㄢˊ
璉,ㄌㄧㄢˊ,ㄌㄧㄢˇ
槤,ㄌㄧㄢˊ
蓮,ㄌㄧㄢˊ
褳,ㄌㄧㄢˊ
謰,ㄌㄧㄢˊ
鰱,ㄌㄧㄢˊ
廉,ㄌㄧㄢˊ
磏,ㄌㄧㄢˊ
濂,ㄌㄧㄢˊ
臁,ㄌㄧㄢˊ
簾,ㄌㄧㄢˊ
鬑,ㄌㄧㄢˊ
鐮,ㄌㄧㄢˊ
零,ㄌㄧㄥˊ,ㄌㄧㄢˊ
奩,ㄌㄧㄢˊ
憐,ㄌㄧㄢˊ
聯,ㄌㄧㄢˊ
蘞,ㄌㄧㄢˋ,ㄌㄧㄢˊ
膦,ㄌㄧㄢˇ,ㄌㄧㄣˊ
臉,ㄌㄧㄢˇ
湅,ㄌㄧㄢˋ
煉,ㄌㄧㄢˋ
楝,ㄌㄧㄢˋ
練,ㄌㄧㄢˋ
鍊,ㄌㄧㄢˋ
僆,ㄌㄧㄢˋ
鏈,ㄌㄧㄢˋ
殮,ㄌㄧㄢˋ
斂,ㄌㄧㄢˋ
襝,ㄌㄧㄢˋ
瀲,ㄌㄧㄢˋ
戀,ㄌㄧㄢˋ
攣,ㄌㄩㄢˊ,ㄌㄧㄢˋ
林,ㄌㄧㄣˊ
淋,ㄌㄧㄣˊ
琳,ㄌㄧㄣˊ
痳,ㄌㄧㄣˊ
綝,ㄔㄣ,ㄌㄧㄣˊ
霖,ㄌㄧㄣˊ
粼,ㄌㄧㄣˊ
潾,ㄌㄧㄣˊ
鄰,ㄌㄧㄣˊ
嶙,ㄌㄧㄣˊ
遴,ㄌㄧㄣˊ,ㄌㄧㄣˋ
燐,ㄌㄧㄣˊ
璘,ㄌㄧㄣˊ
磷,ㄌㄧㄣˊ
瞵,ㄌㄧㄣˊ
轔,ㄌㄧㄣˊ
麟,ㄌㄧㄣˊ
鱗,ㄌㄧㄣˊ
臨,ㄌㄧㄣˊ
菻,ㄌㄧㄣˇ
凜,ㄌㄧㄣˇ
廩,ㄌㄧㄣˇ
懍,ㄌㄧㄣˇ
吝,ㄌㄧㄣˋ
賃,ㄌㄧㄣˋ,ㄖㄣˋ
藺,ㄌㄧㄣˋ
躪,ㄌㄧㄣˋ
良,ㄌㄧㄤˊ
俍,ㄌㄧㄤˊ
踉,ㄌㄧㄤˊ,ㄌㄧㄤˋ
亮,ㄌㄧㄤˋ,ㄌㄧㄤˊ
涼,ㄌㄧㄤˊ,ㄌㄧㄤˋ
諒,ㄌㄧㄤˋ,ㄌㄧㄤˊ
輬,ㄌㄧㄤˊ
梁,ㄌㄧㄤˊ
粱,ㄌㄧㄤˊ
量,ㄌㄧㄤˊ,ㄌㄧㄤˋ
糧,ㄌㄧㄤˊ
兩,ㄌㄧㄤˇ
啢,ㄌㄧㄤˇ
裲,ㄌㄧㄤˇ
緉,ㄌㄧㄤˇ
魎,ㄌㄧㄤˇ
喨,ㄌㄧㄤˋ
悢,ㄌㄧㄤˋ
倞,ㄌㄧㄤˋ,ㄐㄧㄥˋ
晾,ㄌㄧㄤˋ
輛,ㄌㄧㄤˋ
拎,ㄌㄧㄥ
伶,ㄌㄧㄥˊ
泠,ㄌㄧㄥˊ
囹,ㄌㄧㄥˊ
玲,ㄌㄧㄥˊ
苓,ㄌㄧㄥˊ
瓴,ㄌㄧㄥˊ
羚,ㄌㄧㄥˊ
聆,ㄌㄧㄥˊ
蛉,ㄌㄧㄥˊ
笭,ㄌㄧㄥˊ
翎,ㄌㄧㄥˊ
舲,ㄌㄧㄥˊ
詅,ㄌㄧㄥˊ
軨,ㄌㄧㄥˊ
鈴,ㄌㄧㄥˊ
鴒,ㄌㄧㄥˊ
齡,ㄌㄧㄥˊ
凌,ㄌㄧㄥˊ
淩,ㄌㄧㄥˊ
㥄,ㄌㄧㄥˊ
陵,ㄌㄧㄥˊ
菱,ㄌㄧㄥˊ
綾,ㄌㄧㄥˊ
輘,ㄌㄧㄥˊ
鯪,ㄌㄧㄥˊ
霝,ㄌㄧㄥˊ
酃,ㄌㄧㄥˊ
櫺,ㄌㄧㄥˊ
蘦,ㄌㄧㄥˊ
靈,ㄌㄧㄥˊ
醽,ㄌㄧㄥˊ
欞,ㄌㄧㄥˊ
領,ㄌㄧㄥˇ
嶺,ㄌㄧㄥˇ
另,ㄌㄧㄥˋ
令,ㄌㄧㄥˋ
嚕,ㄌㄨ
玈,ㄌㄨˊ
盧,ㄌㄨˊ
瀘,ㄌㄨˊ
廬,ㄌㄨˊ
壚,ㄌㄨˊ
嚧,ㄌㄨˊ
爐,ㄌㄨˊ
櫨,ㄌㄨˊ
蘆,ㄌㄨˊ
臚,ㄌㄨˊ
罏,ㄌㄨˊ
艫,ㄌㄨˊ
纑,ㄌㄨˊ
轤,ㄌㄨˊ
鑪,ㄌㄨˊ
顱,ㄌㄨˊ
鸕,ㄌㄨˊ
鱸,ㄌㄨˊ
鹵,ㄌㄨˇ
滷,ㄌㄨˇ
磠,ㄌㄨˇ
虜,ㄌㄨˇ,ㄌㄨㄛˇ
擄,ㄌㄨˇ,ㄌㄨㄛˇ
魯,ㄌㄨˇ
櫓,ㄌㄨˇ
鑥,ㄌㄨˇ
甪,ㄌㄨˋ
角,ㄐㄧㄠˇ,ㄐㄩㄝˊ,ㄌㄨˋ
彔,ㄌㄨˋ
淥,ㄌㄨˋ
琭,ㄌㄨˋ
菉,ㄌㄩˋ,ㄌㄨˋ
氯,ㄌㄩˋ,ㄌㄨˋ
逯,ㄌㄨˋ
祿,ㄌㄨˋ
碌,ㄌㄨˋ
睩,ㄌㄨˋ
盝,ㄌㄨˋ
綠,ㄌㄩˋ,ㄌㄨˋ
醁,ㄌㄨˋ
錄,ㄌㄨˋ
騄,ㄌㄨˋ
籙,ㄌㄨˋ
鹿,ㄌㄨˋ
漉,ㄌㄨˋ
摝,ㄌㄨˋ
䍡,ㄌㄨˋ
簏,ㄌㄨˋ
轆,ㄌㄨˋ
麓,ㄌㄨˋ
硉,ㄌㄨˋ
稑,ㄌㄨˋ
輅,ㄌㄨˋ
賂,ㄌㄨˋ
路,ㄌㄨˋ
潞,ㄌㄨˋ
璐,ㄌㄨˋ
鷺,ㄌㄨˋ
僇,ㄌㄨˋ
戮,ㄌㄨˋ
穋,ㄌㄨˋ
攞,ㄌㄨㄛ
囉,ㄌㄨㄛˊ,ㄌㄨㄛ
腡,ㄌㄨㄛˊ
螺,ㄌㄨㄛˊ
鏍,ㄌㄨㄛˊ
騾,ㄌㄨㄛˊ
羅,ㄌㄨㄛˊ
儸,ㄌㄨㄛˊ
玀,ㄌㄨㄛˊ
蘿,ㄌㄨㄛˊ
邏,ㄌㄨㄛˊ
籮,ㄌㄨㄛˊ
鑼,ㄌㄨㄛˊ
饠,ㄌㄨㄛˊ
覶,ㄌㄨㄛˊ
砢,ㄌㄨㄛˇ,ㄎㄜ
倮,ㄌㄨㄛˇ
裸,ㄌㄨㄛˇ
臝,ㄌㄨㄛˇ
蓏,ㄌㄨㄛˇ
瘰,ㄌㄨㄛˇ
蠃,ㄌㄨㄛˇ
洛,ㄌㄨㄛˋ
珞,ㄌㄨㄛˋ
硌,ㄍㄜˋ,ㄌㄨㄛˋ
雒,ㄌㄨㄛˋ
駱,ㄌㄨㄛˋ
馲,ㄓㄜˊ,ㄌㄨㄛˋ
犖,ㄌㄨㄛˋ
巒,ㄌㄨㄢˊ
孌,ㄌㄨㄢˊ,ㄌㄩㄢˇ
孿,ㄌㄨㄢˊ,ㄌㄩㄢˊ
欒,ㄌㄨㄢˊ
羉,ㄌㄨㄢˊ
臠,ㄌㄨㄢˊ,ㄌㄩㄢˇ
灤,ㄌㄨㄢˊ
鑾,ㄌㄨㄢˊ
鸞,ㄌㄨㄢˊ
卵,ㄌㄨㄢˇ
亂,ㄌㄨㄢˋ
掄,ㄌㄨㄣˊ,ㄌㄨㄣ
侖,ㄌㄨㄣˊ
倫,ㄌㄨㄣˊ
淪,ㄌㄨㄣˊ
崙,ㄌㄨㄣˊ
圇,ㄌㄨㄣˊ
綸,ㄌㄨㄣˊ,ㄍㄨㄢ
論,ㄌㄨㄣˋ,ㄌㄨㄣˊ
輪,ㄌㄨㄣˊ
隆,ㄌㄨㄥˊ
癃,ㄌㄨㄥˊ
窿,ㄌㄨㄥˊ
龍,ㄌㄨㄥˊ
瀧,ㄌㄨㄥˊ,ㄕㄨㄤ
嚨,ㄌㄨㄥˊ
巃,ㄌㄨㄥˊ
瓏,ㄌㄨㄥˊ
櫳,ㄌㄨㄥˊ
蘢,ㄌㄨㄥˊ
曨,ㄌㄨㄥˊ
朧,ㄌㄨㄥˊ
礱,ㄌㄨㄥˊ
矓,ㄌㄨㄥˊ
聾,ㄌㄨㄥˊ
籠,ㄌㄨㄥˊ,ㄌㄨㄥˇ
儱,ㄌㄨㄥˇ
壟,ㄌㄨㄥˇ
攏,ㄌㄨㄥˇ
隴,ㄌㄨㄥˇ
閭,ㄌㄩˊ
櫚,ㄌㄩˊ
氀,ㄌㄩˊ
貗,ㄐㄩˋ,ㄌㄩˊ
驢,ㄌㄩˊ
呂,ㄌㄩˇ
侶,ㄌㄩˇ
郘,ㄌㄩˇ
梠,ㄌㄩˇ
鋁,ㄌㄩˇ
旅,ㄌㄩˇ
膂,ㄌㄩˇ
屢,ㄌㄩˇ
褸,ㄌㄩˇ
縷,ㄌㄩˇ
履,ㄌㄩˇ
律,ㄌㄩˋ
嵂,ㄌㄩˋ
率,ㄕㄨㄞˋ,ㄕㄨㄛˋ,ㄌㄩˋ
慮,ㄌㄩˋ
濾,ㄌㄩˋ
鑢,ㄌㄩˋ
掠,ㄌㄩㄝˋ
略,ㄌㄩㄝˋ
鋝,ㄌㄩㄝˋ
旮,ㄍㄚ
釓,ㄍㄚ
嘎,ㄍㄚ,ㄍㄚˊ
軋,ㄧㄚˋ,ㄍㄚˊ,ㄓㄚˊ
噶,ㄍㄚˊ,ㄍㄜˊ
玍,ㄍㄚˇ
尬,ㄍㄚˋ,ㄐㄧㄝˋ
價,ㄐㄧㄚˋ,˙ㄍㄚ
戈,ㄍㄜ
肐,ㄍㄜ
疙,ㄍㄜ
紇,ㄏㄜˊ,ㄍㄜ
胳,ㄍㄜ
擱,ㄍㄜ
牁,ㄍㄜ
哥,ㄍㄜ
歌,ㄍㄜ
割,ㄍㄜ
鴿,ㄍㄜ
革,ㄍㄜˊ,ㄐㄧˊ
挌,ㄍㄜˊ
格,ㄍㄜˊ
茖,ㄍㄜˊ
觡,ㄍㄜˊ
閣,ㄍㄜˊ
骼,ㄍㄜˊ
郃,ㄏㄜˊ,ㄍㄜˊ
蛤,ㄍㄜˊ,ㄏㄚˊ
閤,ㄍㄜˊ,ㄏㄜˊ
搿,ㄍㄜˊ
頜,ㄍㄜˊ,ㄏㄢˋ
韐,ㄍㄜˊ
嗝,ㄍㄜˊ
隔,ㄍㄜˊ
槅,ㄍㄜˊ
膈,ㄍㄜˊ
翮,ㄏㄜˊ,ㄍㄜˊ
裓,ㄍㄜˊ
葛,ㄍㄜˊ,ㄍㄜˇ
轕,ㄍㄜˊ
合,ㄏㄜˊ,ㄍㄜˇ
個,ㄍㄜˋ,˙ㄍㄜ,ㄍㄜˇ
哿,ㄎㄜˇ,ㄍㄜˇ
笴,ㄍㄜˇ
舸,ㄍㄜˇ
蓋,ㄍㄞˋ,ㄍㄜˇ,ㄏㄜˊ
各,ㄍㄜˋ
鉻,ㄍㄜˋ
虼,ㄍㄜˋ
箇,ㄍㄜˋ,˙ㄍㄜ,ㄍㄜˇ
垓,ㄍㄞ
陔,ㄍㄞ
荄,ㄍㄞ
該,ㄍㄞ
賅,ㄍㄞ
改,ㄍㄞˇ
丐,ㄍㄞˋ
鈣,ㄍㄞˋ
溉,ㄍㄞˋ
概,ㄍㄞˋ
戤,ㄍㄞˋ
給,ㄐㄧˇ,ㄍㄟˇ
咎,ㄐㄧㄡˋ,ㄍㄠ
櫜,ㄍㄠ
鼛,ㄍㄠ
羔,ㄍㄠ
糕,ㄍㄠ
高,ㄍㄠ
膏,ㄍㄠ,ㄍㄠˋ
篙,ㄍㄠ
皋,ㄍㄠ
槔,ㄍㄠ
韟,ㄍㄠ
睪,ㄧˋ,ㄍㄠ
睾,ㄍㄠ
杲,ㄍㄠˇ
搞,ㄍㄠˇ
槁,ㄍㄠˇ
暠,ㄍㄠˇ
稿,ㄍㄠˇ
縞,ㄍㄠˇ
鎬,ㄏㄠˋ,ㄍㄠˇ
攪,ㄐㄧㄠˇ,ㄍㄠˇ
告,ㄍㄠˋ,ㄍㄨˋ
郜,ㄍㄠˋ
誥,ㄍㄠˋ
鋯,ㄍㄠˋ
勾,ㄍㄡ,ㄍㄡˋ
构,ㄍㄡ
句,ㄐㄩˋ,ㄍㄡ,ㄍㄡˋ
枸,ㄍㄡˇ,ㄐㄩˇ,ㄍㄡ
袧,ㄍㄡ
鉤,ㄍㄡ
區,ㄑㄩ,ㄡ,ㄍㄡ
溝,ㄍㄡ
篝,ㄍㄡ
韝,ㄍㄡ
緱,ㄍㄡ
岣,ㄍㄡˇ
狗,ㄍㄡˇ
耇,ㄍㄡˇ
苟,ㄍㄡˇ
笱,ㄍㄡˇ
茩,ㄍㄡˇ
夠,ㄍㄡˋ
雊,ㄍㄡˋ
垢,ㄍㄡˋ
姤,ㄍㄡˋ
逅,ㄏㄡˋ,ㄍㄡˋ
詬,ㄍㄡˋ
冓,ㄍㄡˋ
搆,ㄍㄡˋ
媾,ㄍㄡˋ
遘,ㄍㄡˋ
構,ㄍㄡˋ
覯,ㄍㄡˋ
購,ㄍㄡˋ
彀,ㄍㄡˋ
干,ㄍㄢ
玕,ㄍㄢ
杆,ㄍㄢ
肝,ㄍㄢ
矸,ㄍㄢ
虷,ㄏㄢˊ,ㄍㄢ
竿,ㄍㄢ
酐,ㄍㄢ
甘,ㄍㄢ
泔,ㄍㄢ
坩,ㄍㄢ
柑,ㄍㄢ,ㄑㄧㄢˊ
苷,ㄍㄢ
疳,ㄍㄢ
乾,ㄑㄧㄢˊ,ㄍㄢ
尷,ㄍㄢ,ㄐㄧㄢ
皯,ㄍㄢˇ
桿,ㄍㄢˇ
稈,ㄍㄢˇ
趕,ㄍㄢˇ
敢,ㄍㄢˇ
澉,ㄍㄢˇ
撖,ㄍㄢˇ
橄,ㄍㄢˇ
感,ㄍㄢˇ,ㄏㄢˋ
擀,ㄍㄢˇ
簳,ㄍㄢˇ
旰,ㄍㄢˋ
骭,ㄍㄢˋ
倝,ㄍㄢˋ
幹,ㄍㄢˋ,ㄏㄢˊ
榦,ㄍㄢˋ,ㄏㄢˊ
淦,ㄍㄢˋ
紺,ㄍㄢˋ
贛,ㄍㄢˋ,ㄍㄨㄥˋ
灨,ㄍㄢˋ
根,ㄍㄣ
跟,ㄍㄣ
哏,ㄍㄣˊ,ㄏㄣ
艮,ㄍㄣˋ,ㄍㄣˇ
亙,ㄍㄣˋ,ㄍㄥˋ
茛,ㄍㄣˋ
亢,ㄎㄤˋ,ㄍㄤ
笐,ㄍㄤ
扛,ㄍㄤ,ㄎㄤˊ
杠,ㄍㄤ,ㄍㄤˋ
肛,ㄍㄤ
缸,ㄍㄤ
釭,ㄍㄤ
岡,ㄍㄤ,ㄍㄤˇ
剛,ㄍㄤ
掆,ㄍㄤ
崗,ㄍㄤ,ㄍㄤˇ
犅,ㄍㄤ
綱,ㄍㄤ
鋼,ㄍㄤ,ㄍㄤˋ
罡,ㄍㄤ
堽,ㄍㄤ
韁,ㄐㄧㄤ,ㄍㄤ
港,ㄍㄤˇ
槓,ㄍㄤˋ
戇,ㄓㄨㄤˋ,ㄍㄤˋ
更,ㄍㄥ,ㄐㄧㄥ,ㄍㄥˋ
粳,ㄍㄥ,ㄐㄧㄥ
庚,ㄍㄥ
焿,ㄍㄥ
賡,ㄍㄥ
鶊,ㄍㄥ
耕,ㄍㄥ,ㄐㄧㄥ
緪,ㄍㄥ
埂,ㄍㄥˇ
郠,ㄍㄥˇ
哽,ㄍㄥˇ
梗,ㄍㄥˇ
綆,ㄍㄥˇ
骾,ㄍㄥˇ
鯁,ㄍㄥˇ
耿,ㄍㄥˇ
頸,ㄐㄧㄥˇ,ㄍㄥˇ
堩,ㄍㄥˋ
夃,ㄍㄨ
估,ㄍㄨ,ㄍㄨˇ,ㄍㄨˋ
沽,ㄍㄨ
咕,ㄍㄨ
姑,ㄍㄨ
蛄,ㄍㄨ
酤,ㄍㄨ
菇,ㄍㄨ
鈷,ㄍㄨˇ,ㄍㄨ
鴣,ㄍㄨ
呱,ㄨㄚ,ㄍㄨ,ㄍㄨㄚ
孤,ㄍㄨ
柧,ㄍㄨ
罛,ㄍㄨ
軱,ㄍㄨ
菰,ㄍㄨ
觚,ㄍㄨ
家,ㄐㄧㄚ,ㄍㄨ
骨,ㄍㄨˇ,ㄍㄨ,ㄍㄨˊ
辜,ㄍㄨ
箍,ㄍㄨ
轂,ㄍㄨˇ,ㄍㄨ
古,ㄍㄨˇ
牯,ㄍㄨˇ
罟,ㄍㄨˇ
詁,ㄍㄨˇ
嘏,ㄍㄨˇ,ㄐㄧㄚˇ
䀇,ㄍㄨˇ
盬,ㄍㄨˇ
汩,ㄍㄨˇ,ㄩˋ
谷,ㄍㄨˇ,ㄩˋ
股,ㄍㄨˇ
羖,ㄍㄨˇ
滑,ㄏㄨㄚˊ,ㄍㄨˇ
榾,ㄍㄨˇ
餶,ㄍㄨˇ
鶻,ㄍㄨˇ,ㄏㄨˊ
淈,ㄍㄨˇ
鼓,ㄍㄨˇ
臌,ㄍㄨˇ
瞽,ㄍㄨˇ
賈,ㄐㄧㄚˇ,ㄍㄨˇ
榖,ㄍㄨˇ
穀,ㄍㄨˇ
鵠,ㄏㄨˊ,ㄍㄨˇ
蠱,ㄍㄨˇ
梏,ㄍㄨˋ
牿,ㄍㄨˋ
固,ㄍㄨˋ
故,ㄍㄨˋ
崮,ㄍㄨˋ
痼,ㄍㄨˋ
錮,ㄍㄨˋ
雇,ㄍㄨˋ
僱,ㄍㄨˋ
顧,ㄍㄨˋ
瓜,ㄍㄨㄚ
刮,ㄍㄨㄚ
括,ㄍㄨㄚ,ㄎㄨㄛˋ
栝,ㄍㄨㄚ
䒷,ㄍㄨㄚ
适,ㄍㄨㄚ,ㄎㄨㄛˋ,ㄕˋ,ㄉㄧˊ
聒,ㄍㄨㄚ
筈,ㄍㄨㄚ
颳,ㄍㄨㄚ
鴰,ㄍㄨㄚ
蝸,ㄍㄨㄚ
緺,ㄍㄨㄚ
騧,ㄍㄨㄚ
劀,ㄍㄨㄚ
剮,ㄍㄨㄚˇ
寡,ㄍㄨㄚˇ
卦,ㄍㄨㄚˋ
挂,ㄍㄨㄚˋ
掛,ㄍㄨㄚˋ
罣,ㄍㄨㄚˋ
絓,ㄍㄨㄚˋ
詿,ㄍㄨㄚˋ
罫,ㄏㄨㄚˋ,ㄍㄨㄚˋ
褂,ㄍㄨㄚˋ
郭,ㄍㄨㄛ
崞,ㄍㄨㄛ
渦,ㄨㄛ,ㄍㄨㄛ
堝,ㄍㄨㄛ
過,ㄍㄨㄛˋ,ㄍㄨㄛ
鍋,ㄍㄨㄛ
嘓,ㄍㄨㄛ
蟈,ㄍㄨㄛ
國,ㄍㄨㄛˊ
聝,ㄍㄨㄛˊ
摑,ㄍㄨㄛˊ
幗,ㄍㄨㄛˊ
馘,ㄍㄨㄛˊ,ㄒㄩˋ
虢,ㄍㄨㄛˊ
㶁,ㄍㄨㄛˊ
果,ㄍㄨㄛˇ
猓,ㄍㄨㄛˇ
粿,ㄍㄨㄛˇ
裹,ㄍㄨㄛˇ
蜾,ㄍㄨㄛˇ
輠,ㄍㄨㄛˇ
餜,ㄍㄨㄛˇ
槨,ㄍㄨㄛˇ
乖,ㄍㄨㄞ
拐,ㄍㄨㄞˇ
枴,ㄍㄨㄞˇ
巜,ㄍㄨㄞˋ,ㄎㄨㄞˋ
夬,ㄍㄨㄞˋ
怪,ㄍㄨㄞˋ
壞,ㄏㄨㄞˋ,ㄍㄨㄞˋ
圭,ㄍㄨㄟ
洼,ㄨㄚ,ㄍㄨㄟ
邽,ㄍㄨㄟ
珪,ㄍㄨㄟ
窐,ㄍㄨㄟ,ㄨㄚ
硅,ㄍㄨㄟ
閨,ㄍㄨㄟ
鮭,ㄍㄨㄟ,ㄒㄧㄝˊ
皈,ㄍㄨㄟ
規,ㄍㄨㄟ
槻,ㄍㄨㄟ
溈,ㄍㄨㄟ
媯,ㄍㄨㄟ
傀,ㄎㄨㄟˇ,ㄍㄨㄟ
瑰,ㄍㄨㄟ
龜,ㄍㄨㄟ,ㄐㄩㄣ,ㄑㄧㄡ
歸,ㄍㄨㄟ,ㄎㄨㄟˋ
氿,ㄍㄨㄟˇ
宄,ㄍㄨㄟˇ
軌,ㄍㄨㄟˇ
匭,ㄍㄨㄟˇ
庋,ㄐㄧˇ,ㄍㄨㄟˇ
庪,ㄍㄨㄟˇ
佹,ㄍㄨㄟˇ
恑,ㄍㄨㄟˇ
垝,ㄍㄨㄟˇ
姽,ㄍㄨㄟˇ
詭,ㄍㄨㄟˇ
觤,ㄍㄨㄟˇ
癸,ㄍㄨㄟˇ
湀,ㄍㄨㄟˇ
鬼,ㄍㄨㄟˇ
晷,ㄍㄨㄟˇ
簋,ㄍㄨㄟˇ
炔,ㄍㄨㄟˋ,ㄑㄩㄝ
炅,ㄐㄩㄥˇ,ㄍㄨㄟˋ
桂,ㄍㄨㄟˋ
貴,ㄍㄨㄟˋ
匱,ㄎㄨㄟˋ,ㄍㄨㄟˋ
櫃,ㄍㄨㄟˋ
瞶,ㄍㄨㄟˋ,ㄎㄨㄟˋ
鞼,ㄍㄨㄟˋ
跪,ㄍㄨㄟˋ
會,ㄏㄨㄟˋ,ㄏㄨㄟˇ,ㄎㄨㄞˋ,ㄍㄨㄟˋ
劊,ㄎㄨㄞˋ,ㄍㄨㄟˋ
檜,ㄎㄨㄞˋ,ㄍㄨㄟˋ
禬,ㄍㄨㄟˋ
襘,ㄍㄨㄟˋ
劌,ㄍㄨㄟˋ
嶡,ㄍㄨㄟˋ,ㄐㄩㄝˊ
鱖,ㄍㄨㄟˋ,ㄐㄩㄝˊ
官,ㄍㄨㄢ
倌,ㄍㄨㄢ
棺,ㄍㄨㄢ
冠,ㄍㄨㄢ,ㄍㄨㄢˋ
矜,ㄐㄧㄣ,ㄍㄨㄢ,ㄑㄧㄣˊ
莞,ㄨㄢˇ,ㄍㄨㄢˇ,ㄍㄨㄢ,ㄨㄢ
瘝,ㄍㄨㄢ
鰥,ㄍㄨㄢ
關,ㄍㄨㄢ
觀,ㄍㄨㄢ,ㄍㄨㄢˋ
鱞,ㄍㄨㄢ
脘,ㄨㄢˇ,ㄍㄨㄢˇ
筦,ㄍㄨㄢˇ
琯,ㄍㄨㄢˇ
痯,ㄍㄨㄢˇ
管,ㄍㄨㄢˇ
錧,ㄍㄨㄢˇ
館,ㄍㄨㄢˇ
斡,ㄨㄛˋ,ㄍㄨㄢˇ
毌,ㄍㄨㄢˋ
貫,ㄍㄨㄢˋ
慣,ㄍㄨㄢˋ
摜,ㄍㄨㄢˋ
丱,ㄍㄨㄢˋ
涫,ㄍㄨㄢˋ
祼,ㄍㄨㄢˋ
盥,ㄍㄨㄢˋ
灌,ㄍㄨㄢˋ
爟,ㄍㄨㄢˋ
瓘,ㄍㄨㄢˋ
矔,ㄍㄨㄢˋ
罐,ㄍㄨㄢˋ
鑵,ㄍㄨㄢˋ
鸛,ㄍㄨㄢˋ
丨,ㄍㄨㄣˇ
混,ㄏㄨㄣˋ,ㄍㄨㄣˇ,ㄎㄨㄣ,ㄏㄨㄣˊ,ㄏㄨㄣˇ
緄,ㄍㄨㄣˇ
輥,ㄍㄨㄣˇ
袞,ㄍㄨㄣˇ
滾,ㄍㄨㄣˇ
蔉,ㄍㄨㄣˇ
渾,ㄏㄨㄣˊ,ㄏㄨㄣˋ,ㄍㄨㄣˇ
鯀,ㄍㄨㄣˇ
棍,ㄍㄨㄣˋ
光,ㄍㄨㄤ
侊,ㄍㄨㄤ
洸,ㄍㄨㄤ,ㄏㄨㄤˇ
桄,ㄍㄨㄤ,ㄍㄨㄤˋ
茪,ㄍㄨㄤ
胱,ㄍㄨㄤ
銧,ㄍㄨㄤ
迋,ㄨㄤˋ,ㄍㄨㄤˇ
廣,ㄍㄨㄤˇ
鄺,ㄎㄨㄤˋ,ㄍㄨㄤˇ
獷,ㄍㄨㄤˇ
逛,ㄍㄨㄤˋ
工,ㄍㄨㄥ
功,ㄍㄨㄥ
攻,ㄍㄨㄥ
紅,ㄏㄨㄥˊ,ㄍㄨㄥ
弓,ㄍㄨㄥ
躬,ㄍㄨㄥ
公,ㄍㄨㄥ
蚣,ㄍㄨㄥ
共,ㄍㄨㄥˋ,ㄍㄨㄥ,ㄍㄨㄥˇ
供,ㄍㄨㄥ,ㄍㄨㄥˋ
龔,ㄍㄨㄥ
肱,ㄍㄨㄥ
宮,ㄍㄨㄥ
恭,ㄍㄨㄥ
塨,ㄍㄨㄥ
觥,ㄍㄨㄥ
廾,ㄍㄨㄥˇ,ㄋㄧㄢˋ
拱,ㄍㄨㄥˇ
珙,ㄍㄨㄥˇ
拲,ㄍㄨㄥˇ
栱,ㄍㄨㄥˇ
蛬,ㄍㄨㄥˇ
汞,ㄍㄨㄥˇ
鞏,ㄍㄨㄥˇ
礦,ㄎㄨㄤˋ,ㄍㄨㄥˇ
貢,ㄍㄨㄥˋ
咖,ㄎㄚ
哈,ㄏㄚ,ㄏㄚˇ,ㄎㄚ
喀,ㄎㄚˋ,ㄎㄚ,ㄎㄜˋ
卡,ㄎㄚˇ,ㄑㄧㄚˇ
佧,ㄎㄚˇ
鉲,ㄎㄚˇ
咳,ㄎㄜˊ,ㄎㄚˇ,ㄏㄞ
髂,ㄎㄚˋ
刻,ㄎㄜˋ,ㄎㄜ
頦,ㄏㄞˊ,ㄎㄜ,ㄎㄜˊ
珂,ㄎㄜ
柯,ㄎㄜ
苛,ㄎㄜ,ㄏㄜˊ
蚵,ㄎㄜ,ㄜˊ
軻,ㄎㄜ
痾,ㄜ,ㄎㄜ
鈳,ㄎㄜ
科,ㄎㄜ
蝌,ㄎㄜ
趷,ㄎㄜ,ㄏㄜˊ
棵,ㄎㄜ
窠,ㄎㄜ
稞,ㄎㄜ
顆,ㄎㄜ,ㄎㄜˇ
髁,ㄎㄜ
搕,ㄎㄜ
磕,ㄎㄜ
瞌,ㄎㄜ
薖,ㄎㄜ
欬,ㄎㄞˋ,ㄎㄜˊ
揢,ㄎㄜˊ
殼,ㄎㄜˊ,ㄑㄧㄠˋ,ㄑㄩㄝˋ
可,ㄎㄜˇ,ㄎㄜˋ
坷,ㄎㄜˇ
岢,ㄎㄜˇ
堁,ㄎㄜˇ
渴,ㄎㄜˇ,ㄐㄧㄝˊ,ㄏㄜˊ
克,ㄎㄜˋ
剋,ㄎㄜˋ
氪,ㄎㄜˋ
客,ㄎㄜˋ
恪,ㄎㄜˋ,ㄑㄩㄝˋ
溘,ㄎㄜˋ
嗑,ㄏㄜˊ,ㄎㄜˋ
榼,ㄎㄜˋ
課,ㄎㄜˋ
錁,ㄎㄜˋ
騍,ㄎㄜˋ
緙,ㄎㄜˋ
揩,ㄎㄞ
開,ㄎㄞ
豈,ㄑㄧˇ,ㄎㄞˇ
剴,ㄎㄞˇ
凱,ㄎㄞˇ
愷,ㄎㄞˇ
塏,ㄎㄞˇ
闓,ㄎㄞˇ
鎧,ㄎㄞˇ
慨,ㄎㄞˇ,ㄎㄞˋ
楷,ㄎㄞˇ
鍇,ㄎㄞˇ
愒,ㄑㄧˋ,ㄎㄞˋ
愾,ㄎㄞˋ,ㄒㄧˋ
尻,ㄎㄠ
訄,ㄑㄧㄡˊ,ㄎㄠ
丂,ㄎㄠˇ
攷,ㄎㄠˇ
考,ㄎㄠˇ
拷,ㄎㄠˇ
烤,ㄎㄠˇ
栲,ㄎㄠˇ
熇,ㄏㄨˋ,ㄎㄠˇ,ㄏㄜˋ
犒,ㄎㄠˋ
銬,ㄎㄠˋ
靠,ㄎㄠˋ
摳,ㄎㄡ
彄,ㄎㄡ
瞘,ㄎㄡ
口,ㄎㄡˇ
叩,ㄎㄡˋ
扣,ㄎㄡˋ
釦,ㄎㄡˋ
佝,ㄎㄡˋ
怐,ㄎㄡˋ
寇,ㄎㄡˋ
蔻,ㄎㄡˋ
簆,ㄎㄡˋ
鷇,ㄎㄡˋ
刊,ㄎㄢ
看,ㄎㄢˋ,ㄎㄢ
勘,ㄎㄢ,ㄎㄢˋ
堪,ㄎㄢ
嵁,ㄎㄢ
戡,ㄎㄢ
龕,ㄎㄢ
凵,ㄎㄢˇ
坎,ㄎㄢˇ
砍,ㄎㄢˇ
崁,ㄎㄢˇ
嵌,ㄑㄧㄢ,ㄑㄧㄢˋ,ㄎㄢˇ
侃,ㄎㄢˇ
埳,ㄎㄢˇ
欿,ㄎㄢˇ
檻,ㄐㄧㄢˋ,ㄎㄢˇ
顑,ㄎㄢˇ
轗,ㄎㄢˇ
竷,ㄎㄢˇ
闞,ㄎㄢˋ,ㄎㄢˇ,ㄏㄢˇ
衎,ㄎㄢˋ
碪,ㄎㄢˋ,ㄓㄣ
瞰,ㄎㄢˋ
肯,ㄎㄣˇ,ㄎㄥˇ
啃,ㄎㄣˇ,ㄎㄣˋ
墾,ㄎㄣˇ
懇,ㄎㄣˇ
齦,ㄧㄣˊ,ㄎㄣˇ
掯,ㄎㄣˋ
裉,ㄎㄣˋ
康,ㄎㄤ
慷,ㄎㄤˇ,ㄎㄤ
糠,ㄎㄤ
鏮,ㄎㄤ
鱇,ㄎㄤ
鈧,ㄎㄤ
骯,ㄎㄤˇ,ㄤ
匟,ㄎㄤˋ
伉,ㄎㄤˋ
抗,ㄎㄤˋ
犺,ㄎㄤˋ
炕,ㄎㄤˋ
閌,ㄎㄤˋ
坑,ㄎㄥ
吭,ㄏㄤˊ,ㄎㄥ
阬,ㄎㄥ
牼,ㄎㄥ
硜,ㄎㄥ
羥,ㄑㄧㄤˇ,ㄎㄥ
誙,ㄎㄥ
傾,ㄑㄧㄥ,ㄎㄥ
鏗,ㄎㄥ
刳,ㄎㄨ
枯,ㄎㄨ
骷,ㄎㄨ
哭,ㄎㄨ
堀,ㄎㄨ
窟,ㄎㄨ
苦,ㄎㄨˇ
楛,ㄏㄨˋ,ㄎㄨˇ
矻,ㄎㄨˋ
庫,ㄎㄨˋ,ㄕㄜˋ
褲,ㄎㄨˋ
酷,ㄎㄨˋ
嚳,ㄎㄨˋ
夸,ㄎㄨㄚ
姱,ㄎㄨㄚ
誇,ㄎㄨㄚ
侉,ㄎㄨㄚˇ
垮,ㄎㄨㄚˇ
咵,ㄎㄨㄚˇ
胯,ㄎㄨㄚˋ
跨,ㄎㄨㄚˋ
骻,ㄎㄨㄚˋ
蛞,ㄎㄨㄛˋ
闊,ㄎㄨㄛˋ
漷,ㄎㄨㄛˋ
廓,ㄎㄨㄛˋ
鞹,ㄎㄨㄛˋ
彉,ㄎㄨㄛˋ
擴,ㄎㄨㄛˋ
咼,ㄎㄨㄞ
喎,ㄎㄨㄞ
蒯,ㄎㄨㄞˇ,ㄎㄨㄞˋ
快,ㄎㄨㄞˋ
筷,ㄎㄨㄞˋ
駃,ㄐㄩㄝˊ,ㄎㄨㄞˋ
塊,ㄎㄨㄞˋ
儈,ㄎㄨㄞˋ
澮,ㄎㄨㄞˋ
廥,ㄎㄨㄞˋ
噲,ㄎㄨㄞˋ
鄶,ㄎㄨㄞˋ
獪,ㄎㄨㄞˋ
膾,ㄎㄨㄞˋ
旝,ㄎㄨㄞˋ
鱠,ㄎㄨㄞˋ
刲,ㄎㄨㄟ
悝,ㄎㄨㄟ
盔,ㄎㄨㄟ
窺,ㄎㄨㄟ
闚,ㄎㄨㄟ
虧,ㄎㄨㄟ
巋,ㄎㄨㄟ
奎,ㄎㄨㄟˊ
馗,ㄎㄨㄟˊ
頄,ㄎㄨㄟˊ,ㄑㄧㄡˊ
逵,ㄎㄨㄟˊ
揆,ㄎㄨㄟˊ,ㄎㄨㄟˇ
葵,ㄎㄨㄟˊ
暌,ㄎㄨㄟˊ
戣,ㄎㄨㄟˊ
睽,ㄎㄨㄟˊ
騤,ㄎㄨㄟˊ
魁,ㄎㄨㄟˊ
櫆,ㄎㄨㄟˊ
頯,ㄎㄨㄟˊ
夔,ㄎㄨㄟˊ
磈,ㄎㄨㄟˇ
頍,ㄎㄨㄟˇ
蹞,ㄎㄨㄟˇ
跬,ㄎㄨㄟˇ
喟,ㄎㄨㄟˋ
愧,ㄎㄨㄟˋ
餽,ㄎㄨㄟˋ
潰,ㄎㄨㄟˋ,ㄏㄨㄟˋ
憒,ㄎㄨㄟˋ
蕢,ㄎㄨㄟˋ
聵,ㄎㄨㄟˋ
簣,ㄎㄨㄟˋ
饋,ㄎㄨㄟˋ
寬,ㄎㄨㄢ
臗,ㄎㄨㄢ
髖,ㄎㄨㄢ
梡,ㄎㄨㄢˇ
款,ㄎㄨㄢˇ
窾,ㄎㄨㄢˇ
坤,ㄎㄨㄣ
昆,ㄎㄨㄣ
崑,ㄎㄨㄣ
焜,ㄎㄨㄣ
琨,ㄎㄨㄣ
錕,ㄎㄨㄣ
騉,ㄎㄨㄣ
鯤,ㄎㄨㄣ
晜,ㄎㄨㄣ
䖵,ㄎㄨㄣ
髡,ㄎㄨㄣ
褌,ㄎㄨㄣ
悃,ㄎㄨㄣˇ
捆,ㄎㄨㄣˇ
梱,ㄎㄨㄣˇ
稛,ㄎㄨㄣˇ
綑,ㄎㄨㄣˇ
閫,ㄎㄨㄣˇ
壼,ㄎㄨㄣˇ
困,ㄎㄨㄣˋ
睏,ㄎㄨㄣˋ
匡,ㄎㄨㄤ
劻,ㄎㄨㄤ
洭,ㄎㄨㄤ
恇,ㄎㄨㄤ
框,ㄎㄨㄤ
眶,ㄎㄨㄤ
筐,ㄎㄨㄤ
誆,ㄎㄨㄤ
狂,ㄎㄨㄤˊ
誑,ㄎㄨㄤˊ
鵟,ㄎㄨㄤˊ
懭,ㄎㄨㄤˇ
況,ㄎㄨㄤˋ
貺,ㄎㄨㄤˋ
絖,ㄎㄨㄤˋ
壙,ㄎㄨㄤˋ
曠,ㄎㄨㄤˋ
纊,ㄎㄨㄤˋ
空,ㄎㄨㄥ,ㄎㄨㄥˋ
倥,ㄎㄨㄥ,ㄎㄨㄥˇ
涳,ㄎㄨㄥ
悾,ㄎㄨㄥ,ㄎㄨㄥˇ
崆,ㄎㄨㄥ
箜,ㄎㄨㄥ
孔,ㄎㄨㄥˇ
恐,ㄎㄨㄥˇ
控,ㄎㄨㄥˋ
鞚,ㄎㄨㄥˋ
鉿,ㄏㄚ
𨉣,ㄏㄚ
蝦,ㄒㄧㄚ,ㄏㄚˊ
呵,ㄏㄜ,ㄛ
訶,ㄏㄜ
喝,ㄏㄜ,ㄏㄜˋ,ㄧㄝˋ
禾,ㄏㄜˊ
和,ㄏㄜˊ,˙ㄏㄨㄛ,ㄏㄜˋ,ㄏㄨㄛˋ,ㄏㄢˋ,ㄏㄨˊ
盉,ㄏㄜˊ
龢,ㄏㄜˊ
盒,ㄏㄜˊ
何,ㄏㄜˊ
河,ㄏㄜˊ
荷,ㄏㄜˊ,ㄏㄜˋ
劾,ㄏㄜˊ
核,ㄏㄜˊ
閡,ㄏㄜˊ
曷,ㄏㄜˊ
褐,ㄏㄜˊ
蝎,ㄏㄜˊ,ㄒㄧㄝ
鞨,ㄏㄜˊ
鶡,ㄏㄜˊ
齕,ㄏㄜˊ
害,ㄏㄞˋ,ㄏㄜˊ
盍,ㄏㄜˊ
闔,ㄏㄜˊ
涸,ㄏㄜˊ,ㄏㄠˋ
礉,ㄏㄜˊ
覈,ㄏㄜˊ
郝,ㄏㄠˇ,ㄏㄜˋ
赫,ㄏㄜˋ
嚇,ㄏㄜˋ,ㄒㄧㄚˋ
黑,ㄏㄟ,ㄏㄜˋ,ㄏㄟˇ
猲,ㄒㄧㄝ,ㄏㄜˋ
暍,ㄏㄜˋ,ㄧㄝˋ
賀,ㄏㄜˋ
嗃,ㄏㄜˋ
翯,ㄏㄜˋ
豁,ㄏㄨㄛ,ㄏㄨㄛˋ,ㄏㄜˋ,ㄏㄨㄚˊ
鶴,ㄏㄜˋ,ㄏㄠˊ
咍,ㄏㄞ
嗨,ㄏㄞ
孩,ㄏㄞˊ
骸,ㄏㄞˊ
還,ㄏㄨㄢˊ,ㄒㄩㄢˊ,ㄏㄞˊ
海,ㄏㄞˇ
醢,ㄏㄞˇ
亥,ㄏㄞˋ
氦,ㄏㄞˋ
駭,ㄏㄞˋ
嗐,ㄏㄞˋ
蒿,ㄏㄠ
嚆,ㄏㄠ
薅,ㄏㄠ
呺,ㄒㄧㄠ,ㄏㄠˊ
號,ㄏㄠˋ,ㄏㄠˊ
毫,ㄏㄠˊ
豪,ㄏㄠˊ
濠,ㄏㄠˊ
壕,ㄏㄠˊ
嚎,ㄏㄠˊ
蠔,ㄏㄠˊ
嗥,ㄏㄠˊ
好,ㄏㄠˇ,ㄏㄠˋ
昊,ㄏㄠˋ
秏,ㄏㄠˋ
耗,ㄏㄠˋ
浩,ㄏㄠˋ
皓,ㄏㄠˋ
澔,ㄏㄠˋ
滈,ㄏㄠˋ
鄗,ㄏㄠˋ,ㄑㄧㄠ
皜,ㄏㄠˋ
藃,ㄏㄠˋ
皞,ㄏㄠˋ
顥,ㄏㄠˋ
灝,ㄏㄠˋ
呴,ㄒㄩˇ,ㄏㄡ
齁,ㄏㄡ
侯,ㄏㄡˊ
喉,ㄏㄡˊ
猴,ㄏㄡˊ
瘊,ㄏㄡˊ
睺,ㄏㄡˊ
篌,ㄏㄡˊ
鍭,ㄏㄡˊ
餱,ㄏㄡˊ
吼,ㄏㄡˇ
犼,ㄏㄡˇ
后,ㄏㄡˋ
郈,ㄏㄡˋ
厚,ㄏㄡˋ
後,ㄏㄡˋ
候,ㄏㄡˋ
堠,ㄏㄡˋ
鄇,ㄏㄡˋ
鱟,ㄏㄡˋ
唅,ㄏㄢ
㟏,ㄏㄢ
谽,ㄏㄢ
蚶,ㄏㄢ
酣,ㄏㄢ
頇,ㄏㄢ
鼾,ㄏㄢ
憨,ㄏㄢ
汗,ㄏㄢˋ,ㄏㄢˊ
邗,ㄏㄢˊ
含,ㄏㄢˊ,ㄏㄢˋ
梒,ㄏㄢˊ
邯,ㄏㄢˊ
函,ㄏㄢˊ
涵,ㄏㄢˊ
崡,ㄏㄢˊ
寒,ㄏㄢˊ
韓,ㄏㄢˊ
厂,ㄏㄢˇ
罕,ㄏㄢˇ
蔊,ㄏㄢˇ
喊,ㄏㄢˇ
鬫,ㄏㄢˇ
扞,ㄏㄢˋ
犴,ㄢˋ,ㄏㄢˋ
旱,ㄏㄢˋ
悍,ㄏㄢˋ
捍,ㄏㄢˋ
豻,ㄢˋ,ㄏㄢˋ
焊,ㄏㄢˋ
閈,ㄏㄢˋ
睅,ㄏㄢˋ
馯,ㄏㄢˋ
銲,ㄏㄢˋ
駻,ㄏㄢˋ
琀,ㄏㄢˋ
頷,ㄏㄢˋ
菡,ㄏㄢˋ
顄,ㄏㄢˋ
憾,ㄏㄢˋ
撼,ㄏㄢˋ
漢,ㄏㄢˋ
熯,ㄏㄢˋ
暵,ㄏㄢˋ
翰,ㄏㄢˋ
瀚,ㄏㄢˋ
拫,ㄏㄣˊ
痕,ㄏㄣˊ
佷,ㄏㄣˇ,ㄏㄥˊ
很,ㄏㄣˇ
狠,ㄏㄣˇ
恨,ㄏㄣˋ
夯,ㄏㄤ
行,ㄒㄧㄥˊ,ㄒㄧㄥˋ,ㄏㄤˊ,ㄏㄤˋ
桁,ㄏㄥˊ,ㄏㄤˊ,ㄏㄤˋ
沆,ㄏㄤˊ,ㄏㄤˋ
迒,ㄏㄤˊ
杭,ㄏㄤˊ
肮,ㄏㄤˊ
蚢,ㄏㄤˊ
航,ㄏㄤˊ
頏,ㄏㄤˊ
哼,ㄏㄥ
脝,ㄏㄥ
恆,ㄏㄥˊ
姮,ㄏㄥˊ
珩,ㄏㄥˊ
橫,ㄏㄥˊ,ㄏㄥˋ
衡,ㄏㄥˊ
蘅,ㄏㄥˊ
絎,ㄏㄥˋ
乎,ㄏㄨ,ㄏㄨˊ
呼,ㄏㄨ
虖,ㄏㄨ,ㄏㄨˊ
滹,ㄏㄨ
嘑,ㄏㄨ,ㄏㄨˋ
歑,ㄏㄨ
謼,ㄏㄨ
虍,ㄏㄨ
虎,ㄏㄨˇ,ㄏㄨ
芴,ㄨˋ,ㄏㄨ
昒,ㄏㄨ
忽,ㄏㄨ
曶,ㄏㄨ
淴,ㄏㄨ
惚,ㄏㄨ
欻,ㄏㄨ,ㄔㄨㄚ,ㄒㄩˋ
糊,ㄏㄨˊ,ㄏㄨˋ,ㄏㄨ
幠,ㄏㄨ
膴,ㄏㄨ,ㄨˇ
戲,ㄒㄧˋ,ㄏㄨ,ㄏㄨㄟ
抇,ㄏㄨˊ
囫,ㄏㄨˊ
狐,ㄏㄨˊ
弧,ㄏㄨˊ
胡,ㄏㄨˊ
湖,ㄏㄨˊ
猢,ㄏㄨˊ
瑚,ㄏㄨˊ
葫,ㄏㄨˊ
蝴,ㄏㄨˊ
衚,ㄏㄨˊ
醐,ㄏㄨˊ
餬,ㄏㄨˊ
鬍,ㄏㄨˊ
鶘,ㄏㄨˊ
斛,ㄏㄨˊ
槲,ㄏㄨˊ
壺,ㄏㄨˊ
搰,ㄏㄨˊ
縠,ㄏㄨˊ
觳,ㄏㄨˊ
唬,ㄏㄨˇ
琥,ㄏㄨˇ
許,ㄒㄩˇ,ㄏㄨˇ
滸,ㄏㄨˇ
互,ㄏㄨˋ
冱,ㄏㄨˋ
沍,ㄏㄨˋ
枑,ㄏㄨˋ
戶,ㄏㄨˋ
戽,ㄏㄨˋ
扈,ㄏㄨˋ
滬,ㄏㄨˋ
芐,ㄏㄨˋ
怙,ㄏㄨˋ
岵,ㄏㄨˋ
祜,ㄏㄨˋ
笏,ㄏㄨˋ
瓠,ㄏㄨˋ
鄠,ㄏㄨˋ
嫮,ㄏㄨˋ
嫭,ㄏㄨˋ
穫,ㄏㄨㄛˋ,ㄏㄨˋ
護,ㄏㄨˋ
韄,ㄏㄨˋ
化,ㄏㄨㄚˋ,ㄏㄨㄚ
花,ㄏㄨㄚ
荂,ㄏㄨㄚ
華,ㄏㄨㄚˊ,ㄏㄨㄚ,ㄏㄨㄚˋ
嘩,ㄏㄨㄚ,ㄏㄨㄚˊ
划,ㄏㄨㄚˊ
譁,ㄏㄨㄚˊ
鏵,ㄏㄨㄚˊ
驊,ㄏㄨㄚˊ
猾,ㄏㄨㄚˊ
搳,ㄒㄧㄚˊ,ㄏㄨㄚˊ
劃,ㄏㄨㄚˋ,ㄏㄨㄚˊ
樺,ㄏㄨㄚˋ
畫,ㄏㄨㄚˋ
嫿,ㄏㄨㄚˋ
繣,ㄏㄨㄚˋ
話,ㄏㄨㄚˋ
摦,ㄏㄨㄚˋ
槬,ㄏㄨㄚˋ
踝,ㄏㄨㄞˊ,ㄏㄨㄚˋ
劐,ㄏㄨㄛ
佸,ㄏㄨㄛˊ
活,ㄏㄨㄛˊ
火,ㄏㄨㄛˇ
伙,ㄏㄨㄛˇ
鈥,ㄏㄨㄛˇ
夥,ㄏㄨㄛˇ
或,ㄏㄨㄛˋ
惑,ㄏㄨㄛˋ
砉,ㄏㄨㄛˋ
剨,ㄏㄨㄛˋ
湱,ㄏㄨㄛˋ
騞,ㄏㄨㄛˋ
貨,ㄏㄨㄛˋ
嗀,ㄏㄨㄛˋ
禍,ㄏㄨㄛˋ
濊,ㄏㄨㄟˋ,ㄨㄟˋ,ㄏㄨㄛˋ
霍,ㄏㄨㄛˋ
攉,ㄏㄨㄛˋ
㸌,ㄏㄨㄛˋ
藿,ㄏㄨㄛˋ
臛,ㄏㄨㄛˋ
矐,ㄏㄨㄛˋ
濩,ㄏㄨㄛˋ
擭,ㄏㄨㄛˋ
嚄,ㄏㄨㄛˋ,ㄛˇ
獲,ㄏㄨㄛˋ,ㄏㄨㄞˊ
雘,ㄏㄨㄛˋ,ㄨㄛˋ
矱,ㄏㄨㄛˋ,ㄨㄛˋ
蠖,ㄏㄨㄛˋ,ㄨㄛˋ
鑊,ㄏㄨㄛˋ
謋,ㄏㄨㄛˋ
壑,ㄏㄨㄛˋ
午,ㄨˇ,˙ㄏㄨㄛ
佪,ㄏㄨㄞˊ,ㄏㄨㄟˊ
徊,ㄏㄨㄞˊ,ㄏㄨㄟˊ
淮,ㄏㄨㄞˊ
槐,ㄏㄨㄞˊ
褢,ㄏㄨㄞˊ
褱,ㄏㄨㄞˊ
懷,ㄏㄨㄞˊ
櫰,ㄏㄨㄞˊ
蘹,ㄏㄨㄞˊ
蘾,ㄏㄨㄞˋ
灰,ㄏㄨㄟ
恢,ㄏㄨㄟ
詼,ㄏㄨㄟ
虺,ㄏㄨㄟˇ,ㄏㄨㄟ
豗,ㄏㄨㄟ
撝,ㄏㄨㄟ
揮,ㄏㄨㄟ
煇,ㄏㄨㄟ
暉,ㄏㄨㄟ
輝,ㄏㄨㄟ
翬,ㄏㄨㄟ
麾,ㄏㄨㄟ
褘,ㄏㄨㄟ
隳,ㄏㄨㄟ
徽,ㄏㄨㄟ
鰴,ㄏㄨㄟ
回,ㄏㄨㄟˊ
洄,ㄏㄨㄟˊ
茴,ㄏㄨㄟˊ
迴,ㄏㄨㄟˊ
蛔,ㄏㄨㄟˊ
虫,ㄏㄨㄟˇ,ㄔㄨㄥˊ
悔,ㄏㄨㄟˇ
誨,ㄏㄨㄟˋ,ㄏㄨㄟˇ
賄,ㄏㄨㄟˋ,ㄏㄨㄟˇ
毀,ㄏㄨㄟˇ
燬,ㄏㄨㄟˇ
卉,ㄏㄨㄟˋ
芔,ㄏㄨㄟˋ
恚,ㄏㄨㄟˋ
彗,ㄏㄨㄟˋ
嘒,ㄏㄨㄟˋ
慧,ㄏㄨㄟˋ
槥,ㄏㄨㄟˋ
蔧,ㄏㄨㄟˋ
篲,ㄏㄨㄟˋ
晦,ㄏㄨㄟˋ
惠,ㄏㄨㄟˋ
蕙,ㄏㄨㄟˋ
蟪,ㄏㄨㄟˋ
喙,ㄏㄨㄟˋ
匯,ㄏㄨㄟˋ
燴,ㄏㄨㄟˋ
薈,ㄏㄨㄟˋ
繪,ㄏㄨㄟˋ
彙,ㄏㄨㄟˋ
繢,ㄏㄨㄟˋ
闠,ㄏㄨㄟˋ
靧,ㄏㄨㄟˋ
瘣,ㄏㄨㄟˋ
噦,ㄩㄝ,ㄏㄨㄟˋ
穢,ㄏㄨㄟˋ,ㄨㄟˋ
翽,ㄏㄨㄟˋ
諱,ㄏㄨㄟˋ
頮,ㄏㄨㄟˋ
懽,ㄏㄨㄢ
嚾,ㄏㄨㄢ
獾,ㄏㄨㄢ
歡,ㄏㄨㄢ
讙,ㄏㄨㄢ
驩,ㄏㄨㄢ
洹,ㄏㄨㄢˊ
狟,ㄏㄨㄢˊ
桓,ㄏㄨㄢˊ
貆,ㄏㄨㄢˊ
垸,ㄏㄨㄢˊ
萑,ㄏㄨㄢˊ
雈,ㄏㄨㄢˊ
澴,ㄏㄨㄢˊ
寰,ㄏㄨㄢˊ
圜,ㄩㄢˊ,ㄏㄨㄢˊ
嬛,ㄑㄩㄥˊ,ㄒㄩㄢ,ㄏㄨㄢˊ
環,ㄏㄨㄢˊ
繯,ㄏㄨㄢˊ,ㄏㄨㄢˋ
闤,ㄏㄨㄢˊ
鐶,ㄏㄨㄢˊ
鬟,ㄏㄨㄢˊ
鍰,ㄏㄨㄢˊ
瓛,ㄏㄨㄢˊ
浣,ㄏㄨㄢˇ,ㄨㄢˇ
睆,ㄏㄨㄢˇ
皖,ㄨㄢˇ,ㄏㄨㄢˇ
㬊,ㄏㄨㄢˇ
緩,ㄏㄨㄢˇ
澣,ㄏㄨㄢˇ,ㄨㄢˇ
幻,ㄏㄨㄢˋ
宦,ㄏㄨㄢˋ
奐,ㄏㄨㄢˋ
渙,ㄏㄨㄢˋ
換,ㄏㄨㄢˋ
喚,ㄏㄨㄢˋ
煥,ㄏㄨㄢˋ
瘓,ㄏㄨㄢˋ
圂,ㄏㄨㄣˋ,ㄏㄨㄢˋ
豢,ㄏㄨㄢˋ
逭,ㄏㄨㄢˋ
患,ㄏㄨㄢˋ
漶,ㄏㄨㄢˋ
擐,ㄏㄨㄢˋ
轘,ㄏㄨㄢˋ
鯇,ㄏㄨㄢˋ
昏,ㄏㄨㄣ
婚,ㄏㄨㄣ
殙,ㄏㄨㄣ
閽,ㄏㄨㄣ
葷,ㄏㄨㄣ,ㄒㄩㄣ
餛,ㄏㄨㄣˊ
琿,ㄏㄨㄣˊ
楎,ㄏㄨㄣˊ
鼲,ㄏㄨㄣˊ
魂,ㄏㄨㄣˊ
溷,ㄏㄨㄣˋ
慁,ㄏㄨㄣˋ
諢,ㄏㄨㄣˋ
肓,ㄏㄨㄤ
衁,ㄏㄨㄤ
荒,ㄏㄨㄤ
慌,ㄏㄨㄤ,˙ㄏㄨㄤ
皇,ㄏㄨㄤˊ
偟,ㄏㄨㄤˊ
凰,ㄏㄨㄤˊ
湟,ㄏㄨㄤˊ
惶,ㄏㄨㄤˊ
喤,ㄏㄨㄤˊ
徨,ㄏㄨㄤˊ
隍,ㄏㄨㄤˊ
煌,ㄏㄨㄤˊ
葟,ㄏㄨㄤˊ
遑,ㄏㄨㄤˊ
蝗,ㄏㄨㄤˊ
篁,ㄏㄨㄤˊ
艎,ㄏㄨㄤˊ
鍠,ㄏㄨㄤˊ
餭,ㄏㄨㄤˊ
騜,ㄏㄨㄤˊ
鰉,ㄏㄨㄤˊ
黃,ㄏㄨㄤˊ
潢,ㄏㄨㄤˊ
璜,ㄏㄨㄤˊ
磺,ㄏㄨㄤˊ
蟥,ㄏㄨㄤˊ
簧,ㄏㄨㄤˊ
恍,ㄏㄨㄤˇ
晃,ㄏㄨㄤˇ,ㄏㄨㄤˋ
滉,ㄏㄨㄤˇ
幌,ㄏㄨㄤˇ
謊,ㄏㄨㄤˇ
吽,ㄡˊ,ㄏㄨㄥ
哄,ㄏㄨㄥ,ㄏㄨㄥˇ
烘,ㄏㄨㄥ
訇,ㄏㄨㄥ
渹,ㄏㄨㄥ
輷,ㄏㄨㄥ
魟,ㄏㄨㄥ
薨,ㄏㄨㄥ
轟,ㄏㄨㄥ
弘,ㄏㄨㄥˊ
泓,ㄏㄨㄥˊ
鞃,ㄏㄨㄥˊ
宏,ㄏㄨㄥˊ
吰,ㄏㄨㄥˊ
竑,ㄏㄨㄥˊ
耾,ㄏㄨㄥˊ
翃,ㄏㄨㄥˊ
紘,ㄏㄨㄥˊ
谹,ㄏㄨㄥˊ
閎,ㄏㄨㄥˊ
鈜,ㄏㄨㄥˊ
鋐,ㄏㄨㄥˊ
洪,ㄏㄨㄥˊ
鉷,ㄏㄨㄥˊ
虹,ㄏㄨㄥˊ
訌,ㄏㄨㄥˊ
葒,ㄏㄨㄥˊ
鴻,ㄏㄨㄥˊ
彋,ㄏㄨㄥˊ
嶸,ㄖㄨㄥˊ,ㄏㄨㄥˊ
黌,ㄏㄨㄥˊ
嗊,ㄏㄨㄥˇ
澒,ㄏㄨㄥˋ
鬨,ㄏㄨㄥˋ
蕻,ㄏㄨㄥˋ
几,ㄐㄧˇ,ㄐㄧ
机,ㄐㄧ,ㄐㄧˇ
肌,ㄐㄧ
飢,ㄐㄧ
丌,ㄐㄧ
刉,ㄐㄧ
乩,ㄐㄧ
其,ㄑㄧˊ,ㄐㄧ,ㄐㄧˋ
基,ㄐㄧ
期,ㄑㄧˊ,ㄑㄧ,ㄐㄧ
棋,ㄑㄧˊ,ㄐㄧ
萁,ㄑㄧˊ,ㄐㄧ
稘,ㄐㄧ
箕,ㄐㄧ
奇,ㄑㄧˊ,ㄐㄧ
剞,ㄐㄧ
犄,ㄐㄧ
畸,ㄐㄧ
觭,ㄐㄧ
羇,ㄐㄧ
居,ㄐㄩ,ㄐㄧ
咭,ㄐㄧ
唧,ㄐㄧˊ,ㄐㄧ
笄,ㄐㄧ
屐,ㄐㄧ
姬,ㄐㄧ
嵇,ㄐㄧ
稽,ㄐㄧ,ㄑㄧˇ
幾,ㄐㄧˇ,ㄐㄧ
嘰,ㄐㄧ
畿,ㄐㄧ,ㄑㄧˊ
璣,ㄐㄧ
機,ㄐㄧ
禨,ㄐㄧ
磯,ㄐㄧ
譏,ㄐㄧ
饑,ㄐㄧ
鞿,ㄐㄧ
勣,ㄐㄧ
積,ㄐㄧ
襀,ㄐㄧ
績,ㄐㄧ
蹟,ㄐㄧ
跡,ㄐㄧ
激,ㄐㄧ
隮,ㄐㄧ
齎,ㄐㄧ
躋,ㄐㄧ
齏,ㄐㄧ
虀,ㄐㄧ
雞,ㄐㄧ
羈,ㄐㄧ
及,ㄐㄧˊ
伋,ㄐㄧˊ
汲,ㄐㄧˊ
忣,ㄐㄧˊ
圾,ㄐㄧˊ,ㄙㄜˋ
岌,ㄐㄧˊ
芨,ㄐㄧˊ
笈,ㄐㄧˊ
級,ㄐㄧˊ
鈒,ㄙㄜˋ,ㄐㄧˊ
丮,ㄐㄧˊ
吉,ㄐㄧˊ
佶,ㄐㄧˊ
姞,ㄐㄧˊ
吃,ㄔ,ㄐㄧˊ
即,ㄐㄧˊ
堲,ㄐㄧˊ
楖,ㄐㄧㄝˊ,ㄐㄧˊ
蝍,ㄐㄧˊ,ㄐㄧㄝˊ
亟,ㄐㄧˊ,ㄑㄧˋ
極,ㄐㄧˊ
殛,ㄐㄧˊ
茍,ㄐㄧˊ
急,ㄐㄧˊ
疾,ㄐㄧˊ
嫉,ㄐㄧˊ
蒺,ㄐㄧˊ
脊,ㄐㄧˇ,ㄐㄧˊ
瘠,ㄐㄧˊ
蹐,ㄐㄧˊ
鶺,ㄐㄧˊ
寂,ㄐㄧˊ
唶,ㄐㄧㄝˋ,ㄗㄜˋ,ㄐㄧˊ
耤,ㄐㄧˊ,ㄐㄧㄝˋ
踖,ㄐㄧˊ,ㄑㄩㄝˋ
藉,ㄐㄧㄝˋ,ㄐㄧˊ
籍,ㄐㄧˊ
揖,ㄧ,ㄐㄧˊ
楫,ㄐㄧˊ
戢,ㄐㄧˊ
濈,ㄐㄧˊ
輯,ㄐㄧˊ
蕺,ㄐㄧˊ
棘,ㄐㄧˊ
集,ㄐㄧˊ
毄,ㄐㄧˊ
墼,ㄐㄧˊ
擊,ㄐㄧˊ
轚,ㄐㄧˊ
劇,ㄐㄩˋ,ㄐㄧˊ
鰿,ㄐㄧˊ
麂,ㄐㄧˇ
己,ㄐㄧˇ
紀,ㄐㄧˋ,ㄐㄧˇ
泲,ㄐㄧˇ
枳,ㄓˇ,ㄐㄧˇ
掎,ㄐㄧˇ
踦,ㄐㄧˇ,ㄧˇ,ㄑㄧˊ
戟,ㄐㄧˇ
蟣,ㄐㄧˇ
濟,ㄐㄧˋ,ㄐㄧˇ
擠,ㄐㄧˇ
彐,ㄐㄧˋ
旡,ㄐㄧˋ
既,ㄐㄧˋ
塈,ㄐㄧˋ,ㄒㄧˋ
蔇,ㄐㄧˋ
穊,ㄐㄧˋ
暨,ㄐㄧˋ
伎,ㄐㄧˋ
技,ㄐㄧˋ
妓,ㄐㄧˋ
芰,ㄐㄧˋ
鬾,ㄐㄧˋ
忌,ㄐㄧˋ
記,ㄐㄧˋ
誋,ㄐㄧˋ
跽,ㄐㄧˋ
鵋,ㄐㄧˋ
惎,ㄐㄧˋ
季,ㄐㄧˋ
悸,ㄐㄧˋ
洎,ㄐㄧˋ
垍,ㄐㄧˋ
計,ㄐㄧˋ
紒,ㄐㄧˋ
寄,ㄐㄧˋ
徛,ㄐㄧˋ
騎,ㄑㄧˊ,ㄐㄧˋ
偈,ㄐㄧㄝˊ,ㄐㄧˋ
祭,ㄐㄧˋ,ㄓㄞˋ
漈,ㄐㄧˋ
際,ㄐㄧˋ
穄,ㄐㄧˋ
瘈,ㄐㄧˋ,ㄓˋ,ㄑㄧˋ
齊,ㄑㄧˊ,ㄓㄞ,ㄐㄧˋ,ㄗ
劑,ㄐㄧˋ
嚌,ㄐㄧˋ
齌,ㄐㄧˋ
薺,ㄐㄧˋ,ㄑㄧˊ
癠,ㄐㄧˋ
穧,ㄐㄧˋ
霽,ㄐㄧˋ
鱭,ㄐㄧˋ
稷,ㄐㄧˋ
髻,ㄐㄧˋ
冀,ㄐㄧˋ
懻,ㄐㄧˋ
驥,ㄐㄧˋ
檕,ㄐㄧˋ
繫,ㄒㄧˋ,ㄐㄧˋ
薊,ㄐㄧˋ
鮆,ㄐㄧˋ
覬,ㄐㄧˋ
罽,ㄐㄧˋ
蘮,ㄐㄧˋ
鯽,ㄐㄧˋ
繼,ㄐㄧˋ
加,ㄐㄧㄚ
伽,ㄑㄧㄝˊ,ㄐㄧㄚ
珈,ㄐㄧㄚ
枷,ㄐㄧㄚ
茄,ㄑㄧㄝˊ,ㄐㄧㄚ
迦,ㄐㄧㄚ
痂,ㄐㄧㄚ
笳,ㄐㄧㄚ
耞,ㄐㄧㄚ
袈,ㄐㄧㄚ
跏,ㄐㄧㄚ
嘉,ㄐㄧㄚ
鴐,ㄐㄧㄚ
夾,ㄐㄧㄚˊ,ㄐㄧㄚ,ㄐㄧㄚˋ
佳,ㄐㄧㄚ
傢,ㄐㄧㄚ
鎵,ㄐㄧㄚ
猳,ㄐㄧㄚ
葭,ㄐㄧㄚ
豭,ㄐㄧㄚ
俠,ㄒㄧㄚˊ,ㄐㄧㄚˊ
浹,ㄐㄧㄚˊ
挾,ㄒㄧㄝˊ,ㄒㄧㄚˊ,ㄐㄧㄚˊ
郟,ㄐㄧㄚˊ
梜,ㄐㄧㄚˊ,ㄐㄧㄝˊ
莢,ㄐㄧㄚˊ
蛺,ㄐㄧㄚˊ
䛟,ㄐㄧㄚˊ
鋏,ㄐㄧㄚˊ
頰,ㄐㄧㄚˊ
鵊,ㄐㄧㄚˊ
恝,ㄐㄧㄚˊ
戛,ㄐㄧㄚˊ
袷,ㄐㄧㄚˊ,ㄐㄧㄝˊ
跲,ㄐㄧㄚˊ
鞈,ㄐㄧㄚˊ
甲,ㄐㄧㄚˇ,ㄐㄧㄚˋ
岬,ㄐㄧㄚˇ
胛,ㄐㄧㄚˇ
舺,ㄐㄧㄚˇ
鉀,ㄐㄧㄚˇ
夏,ㄒㄧㄚˋ,ㄐㄧㄚˇ
假,ㄐㄧㄚˇ,ㄐㄧㄚˋ
瘕,ㄐㄧㄚˇ
斝,ㄐㄧㄚˇ
檟,ㄐㄧㄚˇ
架,ㄐㄧㄚˋ
駕,ㄐㄧㄚˋ
嫁,ㄐㄧㄚˋ
稼,ㄐㄧㄚˋ
皆,ㄐㄧㄝ
偕,ㄒㄧㄝˊ,ㄐㄧㄝ
湝,ㄐㄧㄝ
喈,ㄐㄧㄝ
階,ㄐㄧㄝ
蝔,ㄐㄧㄝ
痎,ㄐㄧㄝ
接,ㄐㄧㄝ
椄,ㄐㄧㄝ
秸,ㄐㄧㄝ
結,ㄐㄧㄝˊ,ㄐㄧㄝ
揭,ㄐㄧㄝ,ㄑㄧˋ
街,ㄐㄧㄝ
嗟,ㄐㄧㄝ,ㄐㄩㄝ,ㄐㄧㄝˋ
薢,ㄒㄧㄝˋ,ㄐㄧㄝ
謯,ㄐㄧㄝ
癤,ㄐㄧㄝˊ,ㄐㄧㄝ
卩,ㄐㄧㄝˊ
孑,ㄐㄧㄝˊ
劫,ㄐㄧㄝˊ
劼,ㄐㄧㄝˊ
拮,ㄐㄧㄝˊ
桔,ㄐㄧㄝˊ,ㄐㄩˊ
袺,ㄐㄧㄝˊ
蛣,ㄐㄧㄝˊ
詰,ㄐㄧㄝˊ
頡,ㄒㄧㄝˊ,ㄐㄧㄝˊ
鮚,ㄐㄧㄝˊ
擷,ㄐㄧㄝˊ,ㄒㄧㄝˊ
杰,ㄐㄧㄝˊ
訐,ㄐㄧㄝˊ
衱,ㄐㄧㄝˊ
倢,ㄐㄧㄝˊ
捷,ㄐㄧㄝˊ
啑,ㄕㄚˋ,ㄐㄧㄝˊ
婕,ㄐㄧㄝˊ
睫,ㄐㄧㄝˊ
箑,ㄕㄚˋ,ㄐㄧㄝˊ
踕,ㄐㄧㄝˊ
桀,ㄐㄧㄝˊ
傑,ㄐㄧㄝˊ
榤,ㄐㄧㄝˊ
節,ㄐㄧㄝˊ
瀄,ㄐㄧㄝˊ
櫛,ㄐㄧㄝˊ
楬,ㄐㄧㄝˊ,ㄑㄧㄚˋ
竭,ㄐㄧㄝˊ
碣,ㄐㄧㄝˊ
羯,ㄐㄧㄝˊ
絜,ㄐㄧㄝˊ,ㄒㄧㄝˊ
潔,ㄐㄧㄝˊ
楶,ㄐㄧㄝˊ
截,ㄐㄧㄝˊ
姐,ㄐㄧㄝˇ
姊,ㄗˇ,ㄐㄧㄝˇ
解,ㄐㄧㄝˇ,ㄐㄧㄝˋ,ㄒㄧㄝˋ
檞,ㄐㄧㄝˇ
介,ㄐㄧㄝˋ
价,ㄐㄧㄝˋ,ㄐㄧㄚˋ,˙ㄍㄚ
玠,ㄐㄧㄝˋ
芥,ㄐㄧㄝˋ
疥,ㄐㄧㄝˋ
界,ㄐㄧㄝˋ
蚧,ㄐㄧㄝˋ
戒,ㄐㄧㄝˋ
械,ㄒㄧㄝˋ,ㄐㄧㄝˋ
誡,ㄐㄧㄝˋ
屆,ㄐㄧㄝˋ
借,ㄐㄧㄝˋ
廨,ㄒㄧㄝˋ,ㄐㄧㄝˋ
犗,ㄐㄧㄝˋ
褯,ㄐㄧㄝˋ
交,ㄐㄧㄠ
郊,ㄐㄧㄠ
咬,ㄧㄠˇ,ㄐㄧㄠ
姣,ㄐㄧㄠˇ,ㄐㄧㄠ
茭,ㄐㄧㄠ
蛟,ㄐㄧㄠ
跤,ㄐㄧㄠ
鵁,ㄐㄧㄠ
鮫,ㄐㄧㄠ
艽,ㄑㄧㄡˊ,ㄐㄧㄠ
教,ㄐㄧㄠˋ,ㄐㄧㄠ
椒,ㄐㄧㄠ
喬,ㄑㄧㄠˊ,ㄐㄧㄠ
憍,ㄐㄧㄠ,ㄑㄧㄠˊ
嬌,ㄐㄧㄠ
驕,ㄐㄧㄠ
焦,ㄐㄧㄠ
僬,ㄐㄧㄠ
噍,ㄐㄧㄠˋ,ㄐㄧㄠ,ㄐㄧㄡ
嶕,ㄐㄧㄠ
燋,ㄐㄧㄠ
蕉,ㄐㄧㄠ,ㄑㄧㄠˊ
礁,ㄐㄧㄠ
蟭,ㄐㄧㄠ
鐎,ㄐㄧㄠ
鷦,ㄐㄧㄠ
澆,ㄐㄧㄠ
膠,ㄐㄧㄠ
徼,ㄐㄧㄠˋ,ㄐㄧㄠ,ㄐㄧㄠˇ,ㄧㄠ
嚼,ㄐㄩㄝˊ,ㄐㄧㄠˊ,ㄐㄧㄠˋ
佼,ㄐㄧㄠˇ
狡,ㄐㄧㄠˇ
皎,ㄐㄧㄠˇ
筊,ㄐㄧㄠˇ
絞,ㄐㄧㄠˇ
較,ㄐㄧㄠˋ,ㄐㄧㄠˇ,ㄐㄩㄝˊ
鉸,ㄐㄧㄠˇ
餃,ㄐㄧㄠˇ
湫,ㄐㄧㄠˇ
腳,ㄐㄧㄠˇ,ㄐㄩㄝˊ
剿,ㄐㄧㄠˇ
勦,ㄐㄧㄠˇ,ㄔㄠ
僥,ㄐㄧㄠˇ,ㄧㄠˊ
撟,ㄐㄧㄠˇ,ㄐㄧㄠˋ
矯,ㄐㄧㄠˇ
蹻,ㄑㄧㄠ,ㄐㄧㄠˇ,ㄐㄩㄝˊ
儌,ㄐㄧㄠˇ
皦,ㄐㄧㄠˇ
繳,ㄐㄧㄠˇ,ㄓㄨㄛˊ
叫,ㄐㄧㄠˋ
珓,ㄐㄧㄠˋ
校,ㄒㄧㄠˋ,ㄐㄧㄠˋ
酵,ㄒㄧㄠˋ,ㄐㄧㄠˋ
窖,ㄐㄧㄠˋ
敫,ㄐㄧㄠˋ
噭,ㄐㄧㄠˋ
斠,ㄐㄧㄠˋ
嶠,ㄐㄧㄠˋ
轎,ㄐㄧㄠˋ
醮,ㄐㄧㄠˋ
灂,ㄓㄨㄛˊ,ㄐㄧㄠˋ
皭,ㄐㄧㄠˋ
釂,ㄐㄧㄠˋ
覺,ㄐㄩㄝˊ,ㄐㄧㄠˋ
丩,ㄐㄧㄡ
朻,ㄐㄧㄡ
糾,ㄐㄧㄡ,ㄐㄧㄡˇ
赳,ㄐㄧㄡ,ㄐㄧㄡˇ
究,ㄐㄧㄡˋ,ㄐㄧㄡ
鳩,ㄐㄧㄡ
揪,ㄐㄧㄡ
啾,ㄐㄧㄡ
揫,ㄐㄧㄡ
摎,ㄐㄧㄡ
樛,ㄐㄧㄡ
轇,ㄐㄧㄡ
蝤,ㄑㄧㄡˊ,ㄐㄧㄡ
鬮,ㄐㄧㄡ
九,ㄐㄧㄡˇ
久,ㄐㄧㄡˇ
玖,ㄐㄧㄡˇ
灸,ㄐㄧㄡˇ
韭,ㄐㄧㄡˇ
酒,ㄐㄧㄡˇ
愀,ㄑㄧㄠˇ,ㄐㄧㄡˇ
臼,ㄐㄧㄡˋ
舅,ㄐㄧㄡˋ
舊,ㄐㄧㄡˋ
疚,ㄐㄧㄡˋ
柩,ㄐㄧㄡˋ
捄,ㄐㄧㄡˋ
救,ㄐㄧㄡˋ
就,ㄐㄧㄡˋ
僦,ㄐㄧㄡˋ
鷲,ㄐㄧㄡˋ
廄,ㄐㄧㄡˋ
幵,ㄐㄧㄢ
奸,ㄐㄧㄢ
豜,ㄐㄧㄢ
鈃,ㄒㄧㄥˊ,ㄐㄧㄢ
尖,ㄐㄧㄢ
戔,ㄐㄧㄢ
淺,ㄑㄧㄢˇ,ㄐㄧㄢ
牋,ㄐㄧㄢ
箋,ㄐㄧㄢ
籛,ㄐㄧㄢ
肩,ㄐㄧㄢ
姦,ㄐㄧㄢ
兼,ㄐㄧㄢ
搛,ㄐㄧㄢ
蒹,ㄐㄧㄢ
縑,ㄐㄧㄢ
鶼,ㄐㄧㄢ
鰜,ㄐㄧㄢ
堅,ㄐㄧㄢ
鰹,ㄐㄧㄢ
湔,ㄐㄧㄢ
煎,ㄐㄧㄢ
鬋,ㄐㄧㄢ
菅,ㄐㄧㄢ
間,ㄐㄧㄢ,ㄐㄧㄢˋ
閒,ㄒㄧㄢˊ,ㄐㄧㄢ,ㄐㄧㄢˋ
蕑,ㄐㄧㄢ
椷,ㄐㄧㄢ
緘,ㄐㄧㄢ
犍,ㄐㄧㄢ,ㄑㄧㄢˊ
鞬,ㄐㄧㄢ
漸,ㄐㄧㄢˋ,ㄐㄧㄢ
蔪,ㄐㄧㄢˋ,ㄕㄢ,ㄐㄧㄢ
監,ㄐㄧㄢ,ㄐㄧㄢˋ
熸,ㄐㄧㄢ
艱,ㄐㄧㄢ
瀸,ㄐㄧㄢ
櫼,ㄐㄧㄢ
殲,ㄐㄧㄢ
鑯,ㄐㄧㄢ
韉,ㄐㄧㄢ
囝,ㄐㄧㄢˇ,ㄩㄝˋ
柬,ㄐㄧㄢˇ
揀,ㄐㄧㄢˇ
剪,ㄐㄧㄢˇ
揃,ㄐㄧㄢˇ
翦,ㄐㄧㄢˇ
譾,ㄐㄧㄢˇ
趼,ㄐㄧㄢˇ,ㄧㄢˊ
帴,ㄐㄧㄢˇ,ㄘㄢˊ
錢,ㄑㄧㄢˊ,ㄐㄧㄢˇ
減,ㄐㄧㄢˇ
筧,ㄐㄧㄢˇ
戩,ㄐㄧㄢˇ
儉,ㄐㄧㄢˇ,ㄐㄧㄢˋ
撿,ㄐㄧㄢˇ
檢,ㄐㄧㄢˇ
瞼,ㄐㄧㄢˇ
鹼,ㄐㄧㄢˇ
謇,ㄐㄧㄢˇ
蹇,ㄐㄧㄢˇ
騫,ㄑㄧㄢ,ㄐㄧㄢˇ
襉,ㄐㄧㄢˇ,ㄐㄧㄢˋ
簡,ㄐㄧㄢˇ
繭,ㄐㄧㄢˇ
件,ㄐㄧㄢˋ
牮,ㄐㄧㄢˋ
見,ㄐㄧㄢˋ,ㄒㄧㄢˋ
洊,ㄐㄧㄢˋ
荐,ㄐㄧㄢˋ
建,ㄐㄧㄢˋ
健,ㄐㄧㄢˋ
揵,ㄑㄧㄢˊ,ㄐㄧㄢˋ
毽,ㄐㄧㄢˋ
腱,ㄐㄧㄢˋ
鍵,ㄐㄧㄢˋ
俴,ㄐㄧㄢˋ
諓,ㄐㄧㄢˋ
賤,ㄐㄧㄢˋ
踐,ㄐㄧㄢˋ
餞,ㄐㄧㄢˋ
濺,ㄐㄧㄢˋ
澗,ㄐㄧㄢˋ
瞷,ㄐㄧㄢˋ
鐧,ㄐㄧㄢˋ
螹,ㄐㄧㄢˋ,ㄑㄧㄢˊ
艦,ㄐㄧㄢˋ
鑒,ㄐㄧㄢˋ
鑑,ㄐㄧㄢˋ
箭,ㄐㄧㄢˋ
僭,ㄐㄧㄢˋ
劍,ㄐㄧㄢˋ
諫,ㄐㄧㄢˋ
薦,ㄐㄧㄢˋ
巾,ㄐㄧㄣ
今,ㄐㄧㄣ
衿,ㄐㄧㄣ
紟,ㄐㄧㄣ
斤,ㄐㄧㄣ
金,ㄐㄧㄣ
津,ㄐㄧㄣ
觔,ㄐㄧㄣ
筋,ㄐㄧㄣ
浸,ㄐㄧㄣˋ,ㄐㄧㄣ
祲,ㄐㄧㄣ
禁,ㄐㄧㄣˋ,ㄐㄧㄣ
襟,ㄐㄧㄣ
巹,ㄐㄧㄣˇ
堇,ㄐㄧㄣˇ,ㄐㄧㄣˋ
菫,ㄐㄧㄣˇ
僅,ㄐㄧㄣˇ,ㄐㄧㄣˋ
廑,ㄐㄧㄣˇ,ㄐㄧㄣˋ,ㄑㄧㄣˊ
墐,ㄐㄧㄣˇ,ㄐㄧㄣˋ
瑾,ㄐㄧㄣˇ,ㄐㄧㄣˋ
蓳,ㄐㄧㄣˇ
槿,ㄐㄧㄣˇ
殣,ㄐㄧㄣˇ,ㄐㄧㄣˋ
謹,ㄐㄧㄣˇ
覲,ㄐㄧㄣˇ,ㄐㄧㄣˋ
饉,ㄐㄧㄣˇ,ㄐㄧㄣˋ
緊,ㄐㄧㄣˇ
儘,ㄐㄧㄣˇ
錦,ㄐㄧㄣˇ
妗,ㄐㄧㄣˋ
近,ㄐㄧㄣˋ
勁,ㄐㄧㄥˋ,ㄐㄧㄣˋ
寖,ㄐㄧㄣˋ
晉,ㄐㄧㄣˋ
搢,ㄐㄧㄣˋ
鄑,ㄐㄧㄣˋ,ㄗ
縉,ㄐㄧㄣˋ
進,ㄐㄧㄣˋ
靳,ㄐㄧㄣˋ
噤,ㄐㄧㄣˋ
盡,ㄐㄧㄣˋ
濜,ㄐㄧㄣˋ
燼,ㄐㄧㄣˋ
藎,ㄐㄧㄣˋ
贐,ㄐㄧㄣˋ
江,ㄐㄧㄤ
矼,ㄑㄧㄤ,ㄐㄧㄤ
豇,ㄐㄧㄤ
茳,ㄐㄧㄤ
姜,ㄐㄧㄤ
將,ㄐㄧㄤ,ㄐㄧㄤˋ,ㄑㄧㄤ
漿,ㄐㄧㄤ
螿,ㄐㄧㄤ
僵,ㄐㄧㄤ
橿,ㄐㄧㄤ
殭,ㄐㄧㄤ
薑,ㄐㄧㄤ
礓,ㄐㄧㄤ
疆,ㄐㄧㄤ
蔣,ㄐㄧㄤˇ
槳,ㄐㄧㄤˇ
獎,ㄐㄧㄤˇ
講,ㄐㄧㄤˇ
顜,ㄐㄧㄤˇ
匠,ㄐㄧㄤˋ
洚,ㄐㄧㄤˋ
降,ㄐㄧㄤˋ,ㄒㄧㄤˊ
絳,ㄐㄧㄤˋ
弶,ㄐㄧㄤˋ
強,ㄑㄧㄤˊ,ㄑㄧㄤˇ,ㄐㄧㄤˋ
糨,ㄐㄧㄤˋ
醬,ㄐㄧㄤˋ
京,ㄐㄧㄥ,ㄩㄢˊ
鯨,ㄐㄧㄥ
青,ㄑㄧㄥ,ㄐㄧㄥ
菁,ㄐㄧㄥ
睛,ㄐㄧㄥ
精,ㄐㄧㄥ
箐,ㄐㄧㄥ,ㄑㄧㄢˋ
鶄,ㄐㄧㄥ
鼱,ㄐㄧㄥ
涇,ㄐㄧㄥ
莖,ㄐㄧㄥ
經,ㄐㄧㄥ
荊,ㄐㄧㄥ
旌,ㄐㄧㄥ
旍,ㄐㄧㄥ
晶,ㄐㄧㄥ
兢,ㄐㄧㄥ
驚,ㄐㄧㄥ
井,ㄐㄧㄥˇ
阱,ㄐㄧㄥˇ
剄,ㄐㄧㄥˇ
景,ㄐㄧㄥˇ,ㄧㄥˇ
憬,ㄐㄧㄥˇ
璟,ㄐㄧㄥˇ
儆,ㄐㄧㄥˇ
警,ㄐㄧㄥˇ
肵,ㄑㄧˊ,ㄐㄧㄥˋ
徑,ㄐㄧㄥˋ
逕,ㄐㄧㄥˋ
脛,ㄐㄧㄥˋ
痙,ㄐㄧㄥˋ
凊,ㄐㄧㄥˋ
婧,ㄐㄧㄥˋ
靖,ㄐㄧㄥˋ
靚,ㄐㄧㄥˋ
淨,ㄐㄧㄥˋ
竫,ㄐㄧㄥˋ
靜,ㄐㄧㄥˋ
竟,ㄐㄧㄥˋ
境,ㄐㄧㄥˋ
獍,ㄐㄧㄥˋ
鏡,ㄐㄧㄥˋ
敬,ㄐㄧㄥˋ
競,ㄐㄧㄥˋ
且,ㄑㄧㄝˇ,ㄐㄩ
沮,ㄐㄩ,ㄐㄩˇ,ㄐㄩˋ
狙,ㄐㄩ
苴,ㄐㄩ,ㄐㄩˇ
砠,ㄐㄩ
疽,ㄐㄩ
罝,ㄐㄩ
蛆,ㄑㄩ,ㄐㄩ
趄,ㄐㄩ,ㄑㄧㄝˋ
菹,ㄐㄩ
葅,ㄐㄩ
雎,ㄐㄩ
車,ㄔㄜ,ㄐㄩ
拘,ㄐㄩ
痀,ㄐㄩ
駒,ㄐㄩ
据,ㄐㄩ,ㄐㄩˋ
琚,ㄐㄩ
椐,ㄐㄩ
腒,ㄐㄩ
裾,ㄐㄩ
鋸,ㄐㄩˋ,ㄐㄩ
鶋,ㄐㄩ
俱,ㄐㄩˋ,ㄐㄩ
局,ㄐㄩˊ
侷,ㄐㄩˊ
挶,ㄐㄩˊ
焗,ㄐㄩˊ
梮,ㄐㄩˊ
跼,ㄐㄩˊ
鋦,ㄐㄩˊ
匊,ㄐㄩˊ
掬,ㄐㄩˊ
椈,ㄐㄩˊ
菊,ㄐㄩˊ
踘,ㄐㄩˊ
鞠,ㄐㄩˊ
湨,ㄐㄩˊ
鶪,ㄐㄩˊ
輂,ㄐㄩˊ
鴃,ㄐㄩㄝˊ,ㄐㄩˊ
橘,ㄐㄩˊ
鞫,ㄐㄩˊ
咀,ㄐㄩˇ
齟,ㄐㄩˇ
弆,ㄐㄩˇ
柜,ㄐㄩˇ,ㄍㄨㄟˋ
矩,ㄐㄩˇ
竘,ㄐㄩˇ
蒟,ㄐㄩˇ
莒,ㄐㄩˇ
筥,ㄐㄩˇ
椇,ㄐㄩˇ
萭,ㄩˇ,ㄐㄩˇ
踽,ㄐㄩˇ
舉,ㄐㄩˇ
櫸,ㄐㄩˇ
籧,ㄑㄩˊ,ㄐㄩˇ
巨,ㄐㄩˋ
拒,ㄐㄩˋ
炬,ㄐㄩˋ
苣,ㄐㄩˋ
秬,ㄐㄩˋ
粔,ㄐㄩˋ
蚷,ㄐㄩˋ
詎,ㄐㄩˋ
距,ㄐㄩˋ
鉅,ㄐㄩˋ
駏,ㄐㄩˋ
足,ㄗㄨˊ,ㄐㄩˋ
怚,ㄐㄩˋ
具,ㄐㄩˋ
埧,ㄐㄩˋ
颶,ㄐㄩˋ
冣,ㄐㄩˋ,ㄗㄨㄟˋ
聚,ㄐㄩˋ
䀠,ㄐㄩˋ
瞿,ㄑㄩ,ㄑㄩˊ,ㄐㄩˋ
懼,ㄐㄩˋ
倨,ㄐㄩˋ
踞,ㄐㄩˋ
虡,ㄐㄩˋ
懅,ㄐㄩˋ
據,ㄐㄩˋ
遽,ㄐㄩˋ
醵,ㄐㄩˋ
躆,ㄐㄩˋ
鐻,ㄐㄩˋ
屨,ㄐㄩˋ
撅,ㄐㄩㄝ
噘,ㄐㄩㄝ
撧,ㄐㄩㄝ
亅,ㄐㄩㄝˊ
孓,ㄐㄩㄝˊ
決,ㄐㄩㄝˊ
抉,ㄐㄩㄝˊ
玦,ㄐㄩㄝˊ
芵,ㄐㄩㄝˊ
訣,ㄐㄩㄝˊ
趹,ㄐㄩㄝˊ
觖,ㄐㄩㄝˊ
捔,ㄐㄩㄝˊ,ㄓㄨㄛˊ
桷,ㄐㄩㄝˊ
玨,ㄐㄩㄝˊ
倔,ㄐㄩㄝˊ,ㄐㄩㄝˋ
掘,ㄐㄩㄝˊ
崛,ㄐㄩㄝˊ
䘿,ㄐㄩㄝˊ
厥,ㄐㄩㄝˊ
劂,ㄐㄩㄝˊ
獗,ㄐㄩㄝˊ
橛,ㄐㄩㄝˊ
蕨,ㄐㄩㄝˊ
蹶,ㄐㄩㄝˊ,ㄐㄩㄝˇ
傕,ㄐㄩㄝˊ
絕,ㄐㄩㄝˊ
蕝,ㄐㄩㄝˊ,ㄗㄨㄟˋ
潏,ㄐㄩㄝˊ
譎,ㄐㄩㄝˊ
鐍,ㄐㄩㄝˊ
噱,ㄐㄩㄝˊ,ㄒㄩㄝ
臄,ㄐㄩㄝˊ
爵,ㄐㄩㄝˊ
爝,ㄐㄩㄝˊ
屩,ㄐㄩㄝˊ
矍,ㄐㄩㄝˊ
戄,ㄐㄩㄝˊ
攫,ㄐㄩㄝˊ
玃,ㄐㄩㄝˊ
彏,ㄐㄩㄝˊ
蠼,ㄐㄩㄝˊ
躩,ㄐㄩㄝˊ
钁,ㄐㄩㄝˊ
身,ㄕㄣ,ㄐㄩㄢ
涓,ㄐㄩㄢ
悁,ㄐㄩㄢˋ,ㄐㄩㄢ
捐,ㄐㄩㄢ
娟,ㄐㄩㄢ
鞙,ㄐㄩㄢ
鵑,ㄐㄩㄢ
圈,ㄑㄩㄢ,ㄑㄩㄢˋ,ㄐㄩㄢ,ㄐㄩㄢˋ
朘,ㄐㄩㄢ
鐫,ㄐㄩㄢ
蠲,ㄐㄩㄢ
卷,ㄐㄩㄢˋ,ㄐㄩㄢˇ,ㄑㄩㄢˊ
帣,ㄐㄩㄢˋ,ㄐㄩㄢˇ
捲,ㄐㄩㄢˇ
倦,ㄐㄩㄢˋ
眷,ㄐㄩㄢˋ
睠,ㄐㄩㄢˋ
狷,ㄐㄩㄢˋ
睊,ㄐㄩㄢˋ
罥,ㄐㄩㄢˋ
絹,ㄐㄩㄢˋ
鄄,ㄐㄩㄢˋ
雋,ㄐㄩㄢˋ,ㄐㄩㄣˋ
楗,ㄐㄩㄢˋ
均,ㄐㄩㄣ,ㄩㄣˋ
袀,ㄐㄩㄣ
鈞,ㄐㄩㄣ
君,ㄐㄩㄣ
頵,ㄐㄩㄣ
囷,ㄐㄩㄣ
軍,ㄐㄩㄣ
皸,ㄐㄩㄣ
麇,ㄐㄩㄣ,ㄑㄩㄣˊ
窘,ㄐㄩㄥˇ,ㄐㄩㄣˇ
俊,ㄐㄩㄣˋ
浚,ㄐㄩㄣˋ
峻,ㄐㄩㄣˋ
焌,ㄐㄩㄣˋ
晙,ㄐㄩㄣˋ
竣,ㄐㄩㄣˋ
睃,ㄐㄩㄣˋ
畯,ㄐㄩㄣˋ
葰,ㄐㄩㄣˋ
餕,ㄐㄩㄣˋ
㕙,ㄐㄩㄣˋ
駿,ㄐㄩㄣˋ
鵔,ㄐㄩㄣˋ
捃,ㄐㄩㄣˋ
郡,ㄐㄩㄣˋ
莙,ㄐㄩㄣˋ
菌,ㄐㄩㄣˋ
箘,ㄐㄩㄣˋ
寯,ㄐㄩㄣˋ
濬,ㄐㄩㄣˋ
冂,ㄐㄩㄥ
坰,ㄐㄩㄥ
扃,ㄐㄩㄥ,ㄐㄩㄥˇ
駉,ㄐㄩㄥ
冏,ㄐㄩㄥˇ
囧,ㄐㄩㄥˇ
泂,ㄐㄩㄥˇ
炯,ㄐㄩㄥˇ
迥,ㄐㄩㄥˇ
絅,ㄐㄩㄥˇ
熲,ㄐㄩㄥˇ
褧,ㄐㄩㄥˇ
啐,ㄘㄨㄟˋ,˙ㄑ
七,ㄑㄧ
沏,ㄑㄧ,ㄑㄩ
柒,ㄑㄧ
妻,ㄑㄧ,ㄑㄧˋ
淒,ㄑㄧ
悽,ㄑㄧ
郪,ㄑㄧ
棲,ㄑㄧ,ㄒㄧ
萋,ㄑㄧ
栖,ㄒㄧ,ㄑㄧ
倛,ㄑㄧ
娸,ㄑㄧ
欺,ㄑㄧ
僛,ㄑㄧ
諆,ㄑㄧ
䫏,ㄑㄧ
桼,ㄑㄧ
漆,ㄑㄧ,ㄑㄩˋ
戚,ㄑㄧ,ㄘㄨˋ
嘁,ㄗㄚˊ,ㄑㄧ
慼,ㄑㄧ
攲,ㄑㄧ
溪,ㄒㄧ,ㄑㄧ
磎,ㄒㄧ,ㄑㄧ
谿,ㄒㄧ,ㄑㄧ
鸂,ㄒㄧ,ㄑㄧ
榿,ㄑㄧ
緝,ㄑㄧˋ,ㄑㄧ
亓,ㄑㄧˊ
示,ㄑㄧˊ,ㄕˋ
祁,ㄑㄧˊ
圻,ㄑㄧˊ,ㄧㄣˊ
祈,ㄑㄧˊ
旂,ㄑㄧˊ
頎,ㄑㄧˊ
蘄,ㄑㄧˊ
岐,ㄑㄧˊ
枝,ㄓ,ㄑㄧˊ
歧,ㄑㄧˊ
蚑,ㄑㄧˊ
跂,ㄑㄧˊ,ㄑㄧˋ
淇,ㄑㄧˊ
琪,ㄑㄧˊ
祺,ㄑㄧˊ
旗,ㄑㄧˊ
綦,ㄑㄧˊ
蜞,ㄑㄧˊ
騏,ㄑㄧˊ
麒,ㄑㄧˊ
埼,ㄑㄧˊ
崎,ㄑㄧˊ
琦,ㄑㄧˊ
碕,ㄑㄧˊ
錡,ㄑㄧˊ
芪,ㄑㄧˊ
祇,ㄑㄧˊ,ㄓ
衹,ㄑㄧˊ,ㄓ
俟,ㄙˋ,ㄑㄧˊ
耆,ㄑㄧˊ
鮨,ㄑㄧˊ
鬐,ㄑㄧˊ
鰭,ㄑㄧˊ
畦,ㄒㄧ,ㄑㄧˊ
懠,ㄑㄧˊ
臍,ㄑㄧˊ
蠐,ㄑㄧˊ
乞,ㄑㄧˇ,ㄑㄧˋ
屺,ㄑㄧˇ
杞,ㄑㄧˇ
芑,ㄑㄧˇ
起,ㄑㄧˇ
啟,ㄑㄧˇ
棨,ㄑㄧˇ
䏿,ㄑㄧˇ
綮,ㄑㄧˇ,ㄑㄧㄥˋ
綺,ㄑㄧˇ
仡,ㄧˋ,ㄑㄧˋ
汔,ㄑㄧˋ
犵,ㄑㄧˋ
迄,ㄑㄧˋ
訖,ㄑㄧˋ
气,ㄑㄧˋ
汽,ㄑㄧˋ
氣,ㄑㄧˋ
企,ㄑㄧˋ
泣,ㄑㄧˋ
契,ㄑㄧˋ,ㄑㄧㄝˋ,ㄒㄧㄝˋ
栔,ㄑㄧˋ
砌,ㄑㄧˋ,ㄑㄧㄝˋ
棄,ㄑㄧˋ
葺,ㄑㄧˋ
憩,ㄑㄧˋ
磧,ㄑㄧˋ
器,ㄑㄧˋ
蟿,ㄑㄧˋ
鏚,ㄑㄧˋ
掐,ㄑㄧㄚ
酠,ㄑㄧㄚˇ
洽,ㄑㄧㄚˋ,ㄒㄧㄚˊ
恰,ㄑㄧㄚˋ
帢,ㄑㄧㄚˋ
切,ㄑㄧㄝˋ,ㄑㄧㄝ
妾,ㄑㄧㄝˋ
唼,ㄗㄚ,ㄕㄚˋ,ㄑㄧㄝˋ
踥,ㄑㄧㄝˋ
鯜,ㄑㄧㄝˋ
怯,ㄑㄩㄝˋ,ㄑㄧㄝˋ
朅,ㄑㄧㄝˋ
挈,ㄑㄧㄝˋ
鍥,ㄑㄧㄝˋ
愜,ㄑㄧㄝˋ
篋,ㄑㄧㄝˋ
慊,ㄑㄧㄢˋ,ㄑㄧㄝˋ
竊,ㄑㄧㄝˋ
雀,ㄑㄩㄝˋ,ㄑㄧㄠˇ,ㄑㄧㄠ
敲,ㄑㄧㄠ
鄡,ㄑㄧㄠ
頝,ㄑㄧㄠ
骹,ㄑㄧㄠ
墝,ㄑㄧㄠ
磽,ㄑㄧㄠ
趬,ㄑㄧㄠ
蹺,ㄑㄧㄠ
撬,ㄑㄧㄠ,ㄑㄧㄠˋ
橇,ㄑㄧㄠ
鍬,ㄑㄧㄠ
繑,ㄑㄧㄠ
招,ㄓㄠ,ㄕㄠˊ,ㄑㄧㄠˊ
荍,ㄑㄧㄠˊ
睄,ㄑㄧㄠˊ
僑,ㄑㄧㄠˊ
橋,ㄑㄧㄠˊ
蕎,ㄑㄧㄠˊ
礄,ㄑㄧㄠˊ
趫,ㄑㄧㄠˊ
劁,ㄑㄧㄠˊ,ㄑㄧㄠˋ
憔,ㄑㄧㄠˊ
嫶,ㄑㄧㄠˊ
樵,ㄑㄧㄠˊ
瞧,ㄑㄧㄠˊ
譙,ㄑㄧㄠˊ,ㄑㄧㄠˋ
翹,ㄑㄧㄠˊ,ㄑㄧㄠˋ
巧,ㄑㄧㄠˇ
悄,ㄑㄧㄠˇ
鵲,ㄑㄩㄝˋ,ㄑㄧㄠˇ
俏,ㄑㄧㄠˋ
峭,ㄑㄧㄠˋ
帩,ㄑㄧㄠˋ
誚,ㄑㄧㄠˋ
鞘,ㄑㄧㄠˋ,ㄕㄠ
撽,ㄑㄧㄠˋ
竅,ㄑㄧㄠˋ
躈,ㄑㄧㄠˋ
丘,ㄑㄧㄡ
坵,ㄑㄧㄡ
邱,ㄑㄧㄡ
蚯,ㄑㄧㄡ
秋,ㄑㄧㄡ
楸,ㄑㄧㄡ
萩,ㄑㄧㄡ
鞦,ㄑㄧㄡ
鶖,ㄑㄧㄡ
鰍,ㄑㄧㄡ
緧,ㄑㄧㄡ
仇,ㄔㄡˊ,ㄑㄧㄡˊ
厹,ㄖㄡˊ,ㄑㄧㄡˊ
犰,ㄑㄧㄡˊ
朹,ㄑㄧㄡˊ
鼽,ㄑㄧㄡˊ
囚,ㄑㄧㄡˊ
泅,ㄑㄧㄡˊ
求,ㄑㄧㄡˊ
俅,ㄑㄧㄡˊ
球,ㄑㄧㄡˊ
逑,ㄑㄧㄡˊ
毬,ㄑㄧㄡˊ
裘,ㄑㄧㄡˊ
絿,ㄑㄧㄡˊ
賕,ㄑㄧㄡˊ
觩,ㄑㄧㄡˊ
銶,ㄑㄧㄡˊ
虯,ㄑㄧㄡˊ
觓,ㄑㄧㄡˊ
酋,ㄑㄧㄡˊ
遒,ㄑㄧㄡˊ
璆,ㄑㄧㄡˊ
糗,ㄑㄧㄡˇ
千,ㄑㄧㄢ
仟,ㄑㄧㄢ
扦,ㄑㄧㄢ
阡,ㄑㄧㄢ
芊,ㄑㄧㄢ
汧,ㄑㄧㄢ
臤,ㄑㄧㄢ
掔,ㄑㄧㄢ
慳,ㄑㄧㄢ
牽,ㄑㄧㄢ
嗛,ㄑㄧㄢ,ㄒㄧㄢˊ,ㄑㄧㄢˇ,ㄑㄧㄢˋ
謙,ㄑㄧㄢ,ㄑㄧㄢˋ
鉛,ㄑㄧㄢ,ㄧㄢˊ
僉,ㄑㄧㄢ
簽,ㄑㄧㄢ
愆,ㄑㄧㄢ
搴,ㄑㄧㄢ
褰,ㄑㄧㄢ
遷,ㄑㄧㄢ
韆,ㄑㄧㄢ
鋟,ㄑㄧㄢ,ㄑㄧㄣˇ
鵮,ㄑㄧㄢ
籤,ㄑㄧㄢ
岒,ㄑㄧㄢˊ
鈐,ㄑㄧㄢˊ
黔,ㄑㄧㄢˊ
拑,ㄑㄧㄢˊ
鉗,ㄑㄧㄢˊ
箝,ㄑㄧㄢˊ
黚,ㄑㄧㄢˊ
前,ㄑㄧㄢˊ
赶,ㄑㄧㄢˊ,ㄍㄢˇ
虔,ㄑㄧㄢˊ
墘,ㄑㄧㄢˊ
掮,ㄑㄧㄢˊ
潛,ㄑㄧㄢˊ
灊,ㄑㄧㄢˊ
燂,ㄑㄧㄢˊ
遣,ㄑㄧㄢˇ
繾,ㄑㄧㄢˇ
譴,ㄑㄧㄢˇ
欠,ㄑㄧㄢˋ
芡,ㄑㄧㄢˋ
俔,ㄑㄧㄢˋ,ㄒㄧㄢˋ
茜,ㄑㄧㄢˋ
倩,ㄑㄧㄢˋ
蒨,ㄑㄧㄢˋ
綪,ㄑㄧㄢˋ
傔,ㄑㄧㄢˋ
歉,ㄑㄧㄢˋ
塹,ㄑㄧㄢˋ
槧,ㄑㄧㄢˋ
縴,ㄑㄧㄢˋ
侵,ㄑㄧㄣ
駸,ㄑㄧㄣ
衾,ㄑㄧㄣ,ㄑㄧㄣˊ
欽,ㄑㄧㄣ
廞,ㄑㄧㄣ
嶔,ㄑㄧㄣ
親,ㄑㄧㄣ,ㄑㄧㄥˋ
芩,ㄑㄧㄣˊ
琴,ㄑㄧㄣˊ
芹,ㄑㄧㄣˊ
秦,ㄑㄧㄣˊ
蓁,ㄓㄣ,ㄑㄧㄣˊ
螓,ㄑㄧㄣˊ
勤,ㄑㄧㄣˊ
慬,ㄑㄧㄣˊ
懃,ㄑㄧㄣˊ
禽,ㄑㄧㄣˊ
擒,ㄑㄧㄣˊ
噙,ㄑㄧㄣˊ
檎,ㄑㄧㄣˊ
寢,ㄑㄧㄣˇ
螼,ㄑㄧㄣˇ
沁,ㄑㄧㄣˋ
唚,ㄑㄧㄣˋ
撳,ㄑㄧㄣˋ
羌,ㄑㄧㄤ
蜣,ㄑㄧㄤ
斨,ㄑㄧㄤ
蹡,ㄑㄧㄤ,ㄑㄧㄤˋ
鏘,ㄑㄧㄤ
椌,ㄑㄧㄤ
腔,ㄑㄧㄤ
搶,ㄑㄧㄤˇ,ㄑㄧㄤ,ㄔㄨㄤˇ
嗆,ㄑㄧㄤ,ㄑㄧㄤˋ
瑲,ㄑㄧㄤ
槍,ㄑㄧㄤ,ㄔㄥ
戧,ㄑㄧㄤˋ,ㄑㄧㄤ
牄,ㄑㄧㄤ
蹌,ㄑㄧㄤ,ㄑㄧㄤˋ
鎗,ㄑㄧㄤ,ㄔㄥ
錆,ㄑㄧㄤ
鏹,ㄑㄧㄤˇ,ㄑㄧㄤ
戕,ㄑㄧㄤˊ
廧,ㄑㄧㄤˊ
嬙,ㄑㄧㄤˊ
檣,ㄑㄧㄤˊ
薔,ㄑㄧㄤˊ
牆,ㄑㄧㄤˊ
蘠,ㄑㄧㄤˊ
彊,ㄑㄧㄤˊ,ㄑㄧㄤˇ,ㄐㄧㄤˋ
襁,ㄑㄧㄤˇ
繈,ㄑㄧㄤˇ
熗,ㄑㄧㄤˋ
清,ㄑㄧㄥ
圊,ㄑㄧㄥ
氰,ㄑㄧㄥ
蜻,ㄑㄧㄥ
請,ㄑㄧㄥˇ,ㄑㄧㄥ,ㄑㄧㄥˊ
鯖,ㄑㄧㄥ,ㄓㄥ
卿,ㄑㄧㄥ
烴,ㄑㄧㄥ
氫,ㄑㄧㄥ
輕,ㄑㄧㄥ
頃,ㄑㄧㄥ,ㄑㄧㄥˇ
勍,ㄑㄧㄥˊ
黥,ㄑㄧㄥˊ
情,ㄑㄧㄥˊ
晴,ㄑㄧㄥˊ
殑,ㄑㄧㄥˊ
檠,ㄑㄧㄥˊ
擎,ㄑㄧㄥˊ
廎,ㄑㄧㄥˇ
慶,ㄑㄧㄥˋ
磬,ㄑㄧㄥˋ
罄,ㄑㄧㄥˋ
謦,ㄑㄧㄥˋ
曲,ㄑㄩ,ㄑㄩˇ
蛐,ㄑㄩ
佉,ㄑㄩ
呿,ㄑㄩ
胠,ㄑㄩ
祛,ㄑㄩ
袪,ㄑㄩ
屈,ㄑㄩ
詘,ㄑㄩ,ㄔㄨˋ
镼,ㄑㄩ
嶇,ㄑㄩ
敺,ㄑㄩ,ㄡ
軀,ㄑㄩ
驅,ㄑㄩ
趨,ㄑㄩ,ㄘㄨˋ
劬,ㄑㄩˊ
胊,ㄑㄩˊ
絇,ㄑㄩˊ
軥,ㄑㄩˊ
鴝,ㄑㄩˊ
鼩,ㄑㄩˊ
渠,ㄑㄩˊ
蕖,ㄑㄩˊ
磲,ㄑㄩˊ
璩,ㄑㄩˊ
蘧,ㄑㄩˊ
氍,ㄑㄩˊ
臞,ㄑㄩˊ
蠷,ㄑㄩˊ
衢,ㄑㄩˊ
躣,ㄑㄩˊ
麴,ㄑㄩˊ
取,ㄑㄩˇ
娶,ㄑㄩˇ,ㄑㄩˋ
麮,ㄑㄩˋ,ㄑㄩˇ
齲,ㄑㄩˇ
去,ㄑㄩˋ
趣,ㄑㄩˋ,ㄘㄨˋ
闃,ㄑㄩˋ
覷,ㄑㄩˋ
缺,ㄑㄩㄝ
闕,ㄑㄩㄝˋ,ㄑㄩㄝ
瘸,ㄑㄩㄝˊ
卻,ㄑㄩㄝˋ
埆,ㄑㄩㄝˋ
确,ㄑㄩㄝˋ
愨,ㄑㄩㄝˋ
碏,ㄑㄩㄝˋ
搉,ㄑㄩㄝˋ
榷,ㄑㄩㄝˋ
確,ㄑㄩㄝˋ
碻,ㄑㄩㄝˋ
闋,ㄑㄩㄝˋ
弮,ㄑㄩㄢ
棬,ㄑㄩㄢ
悛,ㄑㄩㄢ
全,ㄑㄩㄢˊ
佺,ㄑㄩㄢˊ
荃,ㄑㄩㄢˊ
牷,ㄑㄩㄢˊ
痊,ㄑㄩㄢˊ
筌,ㄑㄩㄢˊ
詮,ㄑㄩㄢˊ
輇,ㄑㄩㄢˊ
跧,ㄑㄩㄢˊ
銓,ㄑㄩㄢˊ
醛,ㄑㄩㄢˊ
拳,ㄑㄩㄢˊ
惓,ㄑㄩㄢˊ
蜷,ㄑㄩㄢˊ
踡,ㄑㄩㄢˊ
鬈,ㄑㄩㄢˊ
泉,ㄑㄩㄢˊ
縓,ㄑㄩㄢˊ
權,ㄑㄩㄢˊ
顴,ㄑㄩㄢˊ
犬,ㄑㄩㄢˇ
畎,ㄑㄩㄢˇ
甽,ㄑㄩㄢˇ
綣,ㄑㄩㄢˇ
券,ㄑㄩㄢˋ
勸,ㄑㄩㄢˋ
逡,ㄑㄩㄣ
踆,ㄘㄨㄣ,ㄑㄩㄣ
裙,ㄑㄩㄣˊ
群,ㄑㄩㄣˊ
芎,ㄑㄩㄥ,ㄑㄩㄥˊ,ㄒㄩㄥ
穹,ㄑㄩㄥ,ㄑㄩㄥˊ
銎,ㄑㄩㄥ
邛,ㄑㄩㄥˊ
筇,ㄑㄩㄥˊ
惸,ㄑㄩㄥˊ
蛩,ㄑㄩㄥˊ
跫,ㄑㄩㄥˊ
煢,ㄑㄩㄥˊ
窮,ㄑㄩㄥˊ
藭,ㄑㄩㄥˊ
瞏,ㄑㄩㄥˊ
璚,ㄑㄩㄥˊ
瓊,ㄑㄩㄥˊ
藑,ㄑㄩㄥˊ
兮,ㄒㄧ
西,ㄒㄧ
恓,ㄒㄧ
氥,ㄒㄧ
硒,ㄒㄧ
粞,ㄒㄧ
扱,ㄒㄧ
吸,ㄒㄧ
希,ㄒㄧ
浠,ㄒㄧ
悕,ㄒㄧ
唏,ㄒㄧ
狶,ㄒㄧ
烯,ㄒㄧ
晞,ㄒㄧ
欷,ㄒㄧ
睎,ㄒㄧ
稀,ㄒㄧ
豨,ㄒㄧ
析,ㄒㄧ
淅,ㄒㄧ
訢,ㄒㄧㄣ,ㄒㄧ
晰,ㄒㄧ
皙,ㄒㄧ
蜥,ㄒㄧ
屎,ㄕˇ,ㄒㄧ
奚,ㄒㄧ
傒,ㄒㄧ,ㄒㄧˋ
徯,ㄒㄧ
螇,ㄒㄧ
蹊,ㄒㄧ
貕,ㄒㄧ
鼷,ㄒㄧ
娭,ㄒㄧ
誒,ㄒㄧ,ㄝˋ
悉,ㄒㄧ
窸,ㄒㄧ
蟋,ㄒㄧ
犀,ㄒㄧ
樨,ㄒㄧ,ㄒㄩ
媐,ㄒㄧ
熙,ㄒㄧ,ㄧˊ
僖,ㄒㄧ
嘻,ㄒㄧ
嬉,ㄒㄧ
熹,ㄒㄧ
禧,ㄒㄧ,ㄒㄧˇ
譆,ㄒㄧ
饎,ㄒㄧ,ㄔˋ
撕,ㄙ,ㄒㄧ
噏,ㄒㄧ
膝,ㄒㄧ
羲,ㄒㄧ
曦,ㄒㄧ
犧,ㄒㄧ
螅,ㄒㄧ
醯,ㄒㄧ
嚱,ㄒㄧ
巇,ㄒㄧ
攜,ㄒㄧ,ㄒㄧㄝˊ
酅,ㄒㄧ
蠵,ㄒㄧ
觿,ㄒㄧ
昔,ㄒㄧˊ,ㄘㄨㄛˋ
惜,ㄒㄧˊ
腊,ㄒㄧˊ,ㄌㄚˋ
席,ㄒㄧˊ
蓆,ㄒㄧˊ
息,ㄒㄧˊ
媳,ㄒㄧˊ
熄,ㄒㄧˊ
鎴,ㄒㄧˊ
習,ㄒㄧˊ
嶍,ㄒㄧˊ
謵,ㄒㄧˊ
飁,ㄒㄧˊ
鰼,ㄒㄧˊ
錫,ㄒㄧˊ
覡,ㄒㄧˊ
濕,ㄕ,ㄒㄧˊ
隰,ㄒㄧˊ
檄,ㄒㄧˊ
襲,ㄒㄧˊ
洒,ㄘㄨㄟˇ,ㄒㄧˇ,ㄒㄧㄢˇ,ㄙㄚˇ
洗,ㄒㄧˇ,ㄒㄧㄢˇ
枲,ㄒㄧˇ
徙,ㄒㄧˇ
屣,ㄒㄧˇ
蓰,ㄒㄧˇ
蹝,ㄒㄧˇ
喜,ㄒㄧˇ
憙,ㄒㄧˇ
蟢,ㄒㄧˇ
葸,ㄒㄧˇ
諰,ㄒㄧˇ
鰓,ㄙㄞ,ㄒㄧˇ
璽,ㄒㄧˇ
躧,ㄒㄧˇ
匸,ㄒㄧˋ
夕,ㄒㄧˋ
汐,ㄒㄧˋ
穸,ㄒㄧˋ
矽,ㄒㄧˋ
卌,ㄒㄧˋ
扢,ㄒㄧˋ
籺,ㄒㄧˋ
系,ㄒㄧˋ
係,ㄒㄧˋ
妎,ㄒㄧˋ
肸,ㄒㄧˋ
盻,ㄒㄧˋ
郤,ㄒㄧˋ
綌,ㄒㄧˋ
舄,ㄒㄧˋ
潟,ㄒㄧˋ
蕮,ㄒㄧˋ
磶,ㄒㄧˋ
細,ㄒㄧˋ
翕,ㄒㄧˋ
潝,ㄒㄧˋ
歙,ㄒㄧˋ,ㄕㄜˋ
餼,ㄒㄧˋ
赩,ㄒㄧˋ
鄎,ㄒㄧˋ
禊,ㄒㄧˋ
緆,ㄒㄧˋ
隙,ㄒㄧˋ
虩,ㄒㄧˋ
鬩,ㄒㄧˋ
衋,ㄒㄧˋ
屭,ㄒㄧˋ
呀,ㄧㄚ,ㄒㄧㄚ
岈,ㄒㄧㄚ
瞎,ㄒㄧㄚ
匣,ㄒㄧㄚˊ
呷,ㄒㄧㄚˊ
狎,ㄒㄧㄚˊ
柙,ㄒㄧㄚˊ
邪,ㄒㄧㄝˊ,ㄒㄧㄚˊ,ㄧㄝˊ,ㄩˊ,ㄒㄩˊ
㭘,ㄒㄧㄚˊ
祫,ㄒㄧㄚˊ
峽,ㄒㄧㄚˊ
狹,ㄒㄧㄚˊ
陜,ㄒㄧㄚˊ
硤,ㄒㄧㄚˊ
斜,ㄒㄧㄝˊ,ㄒㄧㄚˊ,ㄧㄝˊ
瑕,ㄒㄧㄚˊ
暇,ㄒㄧㄚˊ,ㄒㄧㄚˋ
遐,ㄒㄧㄚˊ
赮,ㄒㄧㄚˊ
霞,ㄒㄧㄚˊ
蕸,ㄒㄧㄚˊ
轄,ㄒㄧㄚˊ
舝,ㄒㄧㄚˊ
黠,ㄒㄧㄚˊ
下,ㄒㄧㄚˋ
襾,ㄧㄚˋ,ㄒㄧㄚˋ
廈,ㄒㄧㄚˋ,ㄕㄚˋ
煆,ㄒㄧㄚˋ
諕,ㄒㄧㄚˋ
罅,ㄒㄧㄚˋ
些,ㄒㄧㄝ,ㄙㄨㄛˋ
揳,ㄒㄧㄝ
楔,ㄒㄧㄝˋ,ㄒㄧㄝ
歇,ㄒㄧㄝ
蠍,ㄒㄧㄝ
劦,ㄒㄧㄝˊ
協,ㄒㄧㄝˊ
脅,ㄒㄧㄝˊ
嗋,ㄒㄧㄝˊ
勰,ㄒㄧㄝˊ
頁,ㄒㄧㄝˊ,ㄧㄝˋ
襭,ㄒㄧㄝˊ
纈,ㄒㄧㄝˊ
諧,ㄒㄧㄝˊ
龤,ㄒㄧㄝˊ
鞋,ㄒㄧㄝˊ
血,ㄒㄧㄝˇ,ㄒㄩㄝˋ
寫,ㄒㄧㄝˇ,ㄒㄧㄝˋ
蟹,ㄒㄧㄝˋ,ㄒㄧㄝˇ
泄,ㄒㄧㄝˋ,ㄧˋ
紲,ㄒㄧㄝˋ
渫,ㄒㄧㄝˋ
媟,ㄒㄧㄝˋ
屧,ㄒㄧㄝˋ
卸,ㄒㄧㄝˋ
洩,ㄒㄧㄝˋ,ㄧˋ
絏,ㄒㄧㄝˋ
偰,ㄒㄧㄝˋ
屑,ㄒㄧㄝˋ
駴,ㄒㄧㄝˋ
禼,ㄒㄧㄝˋ
澥,ㄒㄧㄝˋ
懈,ㄒㄧㄝˋ
嶰,ㄒㄧㄝˋ
獬,ㄒㄧㄝˋ
邂,ㄒㄧㄝˋ
榭,ㄒㄧㄝˋ
謝,ㄒㄧㄝˋ
瀉,ㄒㄧㄝˋ
韰,ㄒㄧㄝˋ
薤,ㄒㄧㄝˋ
瀣,ㄒㄧㄝˋ
燮,ㄒㄧㄝˋ
躞,ㄒㄧㄝˋ
褻,ㄒㄧㄝˋ
齘,ㄒㄧㄝˋ
枵,ㄒㄧㄠ
鴞,ㄒㄧㄠ
削,ㄒㄩㄝˋ,ㄒㄧㄠ
消,ㄒㄧㄠ
宵,ㄒㄧㄠ
逍,ㄒㄧㄠ
硝,ㄒㄧㄠ
揱,ㄒㄧㄠ
蛸,ㄒㄧㄠ,ㄕㄠ
綃,ㄒㄧㄠ
霄,ㄒㄧㄠ
銷,ㄒㄧㄠ
魈,ㄒㄧㄠ
哮,ㄒㄧㄠ,ㄒㄧㄠˋ
烋,ㄒㄧㄠ
虓,ㄒㄧㄠ
猇,ㄒㄧㄠ
梟,ㄒㄧㄠ
翛,ㄒㄧㄠ,ㄕㄨˋ
歊,ㄒㄧㄠ
嘐,ㄒㄧㄠ
潚,ㄒㄧㄠ
蕭,ㄒㄧㄠ
簫,ㄒㄧㄠ
瀟,ㄒㄧㄠ
蠨,ㄒㄧㄠ
嘵,ㄒㄧㄠ
膮,ㄒㄧㄠ
驍,ㄒㄧㄠ
髐,ㄒㄧㄠ
囂,ㄒㄧㄠ
爻,ㄧㄠˊ,ㄒㄧㄠˊ
肴,ㄧㄠˊ,ㄒㄧㄠˊ
餚,ㄧㄠˊ,ㄒㄧㄠˊ
洨,ㄒㄧㄠˊ
笅,ㄒㄧㄠˊ
小,ㄒㄧㄠˇ
筱,ㄒㄧㄠˇ
篠,ㄒㄧㄠˇ
曉,ㄒㄧㄠˇ
謏,ㄒㄧㄠˇ
孝,ㄒㄧㄠˋ
肖,ㄒㄧㄠˋ
恔,ㄒㄧㄠˋ
效,ㄒㄧㄠˋ
傚,ㄒㄧㄠˋ
笑,ㄒㄧㄠˋ
嘯,ㄒㄧㄠˋ
澩,ㄒㄩㄝˊ,ㄒㄧㄠˋ
休,ㄒㄧㄡ,ㄒㄩˇ,ㄒㄧㄡˇ
庥,ㄒㄧㄡ
咻,ㄒㄧㄡ,ㄒㄩˇ
貅,ㄒㄧㄡ
髹,ㄒㄧㄡ
鵂,ㄒㄧㄡ
修,ㄒㄧㄡ
脩,ㄒㄧㄡ
羞,ㄒㄧㄡ
饈,ㄒㄧㄡ
朽,ㄒㄧㄡˇ
宿,ㄙㄨˋ,ㄒㄧㄡˋ,ㄒㄧㄡˇ
滫,ㄒㄧㄡˇ
秀,ㄒㄧㄡˋ
琇,ㄒㄧㄡˋ
岫,ㄒㄧㄡˋ
袖,ㄒㄧㄡˋ
臭,ㄔㄡˋ,ㄒㄧㄡˋ
溴,ㄒㄧㄡˋ
嗅,ㄒㄧㄡˋ
殠,ㄔㄡˋ,ㄒㄧㄡˋ
褎,ㄧㄡˋ,ㄒㄧㄡˋ
繡,ㄒㄧㄡˋ
鏽,ㄒㄧㄡˋ
仙,ㄒㄧㄢ
氙,ㄒㄧㄢ
秈,ㄒㄧㄢ
先,ㄒㄧㄢ,ㄒㄧㄢˋ
忺,ㄒㄧㄢ
杴,ㄒㄧㄢ
掀,ㄒㄧㄢ
姍,ㄕㄢ,ㄒㄧㄢ
祆,ㄒㄧㄢ
僊,ㄒㄧㄢ
褼,ㄒㄧㄢ
躚,ㄒㄧㄢ
綅,ㄒㄧㄢ
嘕,ㄒㄧㄢ
銛,ㄒㄧㄢ
憸,ㄒㄧㄢ
暹,ㄒㄧㄢ
鮮,ㄒㄧㄢ,ㄒㄧㄢˇ
攕,ㄒㄧㄢ
孅,ㄒㄧㄢ
襳,ㄒㄧㄢ
纖,ㄒㄧㄢ
鶱,ㄒㄧㄢ
弦,ㄒㄧㄢˊ
痃,ㄒㄧㄢˊ
蚿,ㄒㄧㄢˊ
舷,ㄒㄧㄢˊ
絃,ㄒㄧㄢˊ
咸,ㄒㄧㄢˊ
諴,ㄒㄧㄢˊ
鹹,ㄒㄧㄢˊ
涎,ㄒㄧㄢˊ,ㄧㄢˋ
啣,ㄒㄧㄢˊ
閑,ㄒㄧㄢˊ
憪,ㄒㄧㄢˊ,ㄒㄧㄢˋ
嫻,ㄒㄧㄢˊ
癇,ㄒㄧㄢˊ
鷳,ㄒㄧㄢˊ
嫌,ㄒㄧㄢˊ
銜,ㄒㄧㄢˊ
賢,ㄒㄧㄢˊ,ㄒㄧㄢˋ
姺,ㄒㄧㄢˇ
毨,ㄒㄧㄢˇ
筅,ㄒㄧㄢˇ
跣,ㄒㄧㄢˇ
銑,ㄒㄧㄢˇ
鍌,ㄒㄧㄢˇ
尟,ㄒㄧㄢˇ
蜆,ㄒㄧㄢˇ
鋧,ㄒㄧㄢˇ
嶮,ㄒㄧㄢˇ
獫,ㄒㄧㄢˇ
險,ㄒㄧㄢˇ
譣,ㄒㄧㄢˇ
蘚,ㄒㄧㄢˇ
癬,ㄒㄧㄢˇ,ㄒㄩㄢˇ
獮,ㄒㄧㄢˇ
燹,ㄒㄧㄢˇ
幰,ㄒㄧㄢˇ
韅,ㄒㄧㄢˇ
顯,ㄒㄧㄢˇ
玁,ㄒㄧㄢˇ
峴,ㄒㄧㄢˋ
現,ㄒㄧㄢˋ
莧,ㄒㄧㄢˋ
晛,ㄒㄧㄢˋ
睍,ㄒㄧㄢˋ
限,ㄒㄧㄢˋ
陷,ㄒㄧㄢˋ
餡,ㄒㄧㄢˋ
羨,ㄒㄧㄢˋ
腺,ㄒㄧㄢˋ
線,ㄒㄧㄢˋ
僩,ㄒㄧㄢˋ
憲,ㄒㄧㄢˋ
縣,ㄒㄧㄢˋ,ㄒㄩㄢˊ
霰,ㄒㄧㄢˋ
獻,ㄒㄧㄢˋ
心,ㄒㄧㄣ
芯,ㄒㄧㄣ,ㄒㄧㄣˋ
辛,ㄒㄧㄣ
莘,ㄕㄣ,ㄒㄧㄣ
鋅,ㄒㄧㄣ
忻,ㄒㄧㄣ
炘,ㄒㄧㄣ
昕,ㄒㄧㄣ
欣,ㄒㄧㄣ
新,ㄒㄧㄣ
薪,ㄒㄧㄣ
歆,ㄒㄧㄣ
馨,ㄒㄧㄣ,ㄒㄧㄥ
鑫,ㄒㄧㄣ
尋,ㄒㄩㄣˊ,ㄒㄧㄣˊ
鄩,ㄒㄧㄣˊ
鬵,ㄒㄧㄣˊ
伈,ㄒㄧㄣˇ
囟,ㄒㄧㄣˋ
信,ㄒㄧㄣˋ,ㄕㄣ
焮,ㄒㄧㄣˋ
蕈,ㄒㄩㄣˋ,ㄒㄧㄣˋ
舋,ㄒㄧㄣˋ
釁,ㄒㄧㄣˋ
皀,ㄒㄧㄤ
相,ㄒㄧㄤ,ㄒㄧㄤˋ
湘,ㄒㄧㄤ
廂,ㄒㄧㄤ
箱,ㄒㄧㄤ
緗,ㄒㄧㄤ
香,ㄒㄧㄤ
舡,ㄒㄧㄤ
鄉,ㄒㄧㄤ,ㄒㄧㄤˋ
薌,ㄒㄧㄤ
膷,ㄒㄧㄤ
襄,ㄒㄧㄤ
勷,ㄖㄤˊ,ㄒㄧㄤ
瓖,ㄒㄧㄤ
纕,ㄒㄧㄤ
鑲,ㄒㄧㄤ,ㄖㄤˊ
驤,ㄒㄧㄤ
羊,ㄧㄤˊ,ㄒㄧㄤˊ
庠,ㄒㄧㄤˊ
祥,ㄒㄧㄤˊ
翔,ㄒㄧㄤˊ
詳,ㄒㄧㄤˊ
栙,ㄒㄧㄤˊ
享,ㄒㄧㄤˇ
想,ㄒㄧㄤˇ
餉,ㄒㄧㄤˇ
鯗,ㄒㄧㄤˇ
響,ㄒㄧㄤˇ
饗,ㄒㄧㄤˇ
饟,ㄒㄧㄤˇ
向,ㄒㄧㄤˋ
巷,ㄒㄧㄤˋ
項,ㄒㄧㄤˋ
缿,ㄒㄧㄤˋ
銗,ㄒㄧㄤˋ
象,ㄒㄧㄤˋ
像,ㄒㄧㄤˋ
橡,ㄒㄧㄤˋ
曏,ㄒㄧㄤˋ
蠁,ㄒㄧㄤˋ
嚮,ㄒㄧㄤˋ
樣,ㄧㄤˋ,ㄒㄧㄤˋ
狌,ㄕㄥ,ㄒㄧㄥ
星,ㄒㄧㄥ
惺,ㄒㄧㄥ,ㄒㄧㄥˇ
猩,ㄒㄧㄥ
腥,ㄒㄧㄥ
醒,ㄒㄧㄥˇ,ㄒㄧㄥ
興,ㄒㄧㄥ,ㄒㄧㄥˋ
騂,ㄒㄧㄥ
刑,ㄒㄧㄥˊ
形,ㄒㄧㄥˊ
邢,ㄒㄧㄥˊ
型,ㄒㄧㄥˊ
硎,ㄒㄧㄥˊ
鉶,ㄒㄧㄥˊ
娙,ㄒㄧㄥˊ
陘,ㄒㄧㄥˊ
滎,ㄒㄧㄥˊ,ㄧㄥˊ
省,ㄕㄥˇ,ㄒㄧㄥˇ
擤,ㄒㄧㄥˇ
荇,ㄒㄧㄥˋ
杏,ㄒㄧㄥˋ
莕,ㄒㄧㄥˋ
性,ㄒㄧㄥˋ
姓,ㄒㄧㄥˋ
幸,ㄒㄧㄥˋ
倖,ㄒㄧㄥˋ
悻,ㄒㄧㄥˋ
婞,ㄒㄧㄥˋ
于,ㄩˊ,ㄒㄩ
吁,ㄒㄩ
旴,ㄒㄩ
盱,ㄒㄩ
訏,ㄒㄩ
戌,ㄒㄩ
欨,ㄒㄩ
胥,ㄒㄩ
揟,ㄒㄩ
楈,ㄒㄩ
稰,ㄒㄩ
虛,ㄒㄩ
墟,ㄒㄩ
噓,ㄒㄩ
歔,ㄒㄩ
須,ㄒㄩ
嬃,ㄒㄩ
鬚,ㄒㄩ
需,ㄒㄩ,ㄖㄨˊ
繻,ㄒㄩ,ㄖㄨˊ
嘔,ㄡˇ,ㄡ,ㄡˋ,ㄒㄩ
謣,ㄩˊ,ㄒㄩ
余,ㄩˊ,ㄒㄩˊ
徐,ㄒㄩˊ
姁,ㄒㄩˇ
昫,ㄒㄩˇ
喣,ㄒㄩˇ
煦,ㄒㄩˇ
栩,ㄒㄩˇ
詡,ㄒㄩˇ
冔,ㄒㄩˇ
湑,ㄒㄩˇ
糈,ㄒㄩˇ
諝,ㄒㄩˇ
醑,ㄒㄩˇ
鄦,ㄒㄩˇ
旭,ㄒㄩˋ
序,ㄒㄩˋ
芧,ㄒㄩˋ,ㄓㄨˋ
侐,ㄒㄩˋ
卹,ㄒㄩˋ
洫,ㄒㄩˋ
恤,ㄒㄩˋ
殈,ㄒㄩˋ
畜,ㄔㄨˋ,ㄒㄩˋ
慉,ㄒㄩˋ
蓄,ㄒㄩˋ
淢,ㄩˋ,ㄒㄩˋ
酗,ㄒㄩˋ
勗,ㄒㄩˋ
敘,ㄒㄩˋ
漵,ㄒㄩˋ
訹,ㄒㄩˋ
婿,ㄒㄩˋ
絮,ㄒㄩˋ
頊,ㄒㄩˋ
緒,ㄒㄩˋ
魆,ㄒㄩˋ
獝,ㄒㄩˋ
藇,ㄒㄩˋ
鱮,ㄒㄩˋ
藚,ㄒㄩˋ
續,ㄒㄩˋ
靴,ㄒㄩㄝ
薛,ㄒㄩㄝ
穴,ㄒㄩㄝˋ,ㄒㄩㄝˊ
踅,ㄔˋ,ㄒㄩㄝˊ
學,ㄒㄩㄝˊ
觷,ㄒㄩㄝˊ
鷽,ㄒㄩㄝˊ
雪,ㄒㄩㄝˇ,ㄒㄩㄝˋ
鱈,ㄒㄩㄝˇ
泬,ㄒㄩㄝˋ
吷,ㄒㄩㄝˋ
烕,ㄒㄩㄝˋ
謞,ㄒㄩㄝˋ
宣,ㄒㄩㄢ
晅,ㄒㄩㄢ
揎,ㄒㄩㄢ
喧,ㄒㄩㄢ
瑄,ㄒㄩㄢ
萱,ㄒㄩㄢ
暄,ㄒㄩㄢ
蝖,ㄒㄩㄢ
諠,ㄒㄩㄢ
軒,ㄒㄩㄢ
萲,ㄒㄩㄢ
諼,ㄒㄩㄢ,ㄕㄨㄢˋ
儇,ㄒㄩㄢ
懁,ㄒㄩㄢ
蠉,ㄒㄩㄢ
翾,ㄒㄩㄢ
壎,ㄒㄩㄣ,ㄒㄩㄢ
矎,ㄒㄩㄢ,ㄒㄩㄢˋ
玄,ㄒㄩㄢˊ
旋,ㄒㄩㄢˊ,ㄒㄩㄢˋ
漩,ㄒㄩㄢˊ,ㄒㄩㄢˋ
璇,ㄒㄩㄢˊ
懸,ㄒㄩㄢˊ
璿,ㄒㄩㄢˊ
咺,ㄒㄩㄢˇ
烜,ㄒㄩㄢˇ
選,ㄒㄩㄢˇ
泫,ㄒㄩㄢˋ
炫,ㄒㄩㄢˋ
昡,ㄒㄩㄢˋ
眩,ㄒㄩㄢˋ
袨,ㄒㄩㄢˋ
衒,ㄒㄩㄢˋ
鉉,ㄒㄩㄢˋ
鏇,ㄒㄩㄢˋ
眴,ㄒㄩㄢˋ
絢,ㄒㄩㄢˋ
渲,ㄒㄩㄢˋ
楦,ㄒㄩㄢˋ
楥,ㄒㄩㄢˋ
焄,ㄒㄩㄣ
勛,ㄒㄩㄣ
窨,ㄧㄣˋ,ㄒㄩㄣ
熏,ㄒㄩㄣ,ㄒㄩㄣˋ
獯,ㄒㄩㄣ
燻,ㄒㄩㄣ
薰,ㄒㄩㄣ
曛,ㄒㄩㄣ
臐,ㄒㄩㄣ
纁,ㄒㄩㄣ
醺,ㄒㄩㄣ
旬,ㄒㄩㄣˊ
洵,ㄒㄩㄣˊ
恂,ㄒㄩㄣˊ
峋,ㄒㄩㄣˊ
徇,ㄒㄩㄣˋ,ㄒㄩㄣˊ
郇,ㄏㄨㄢˊ,ㄒㄩㄣˊ
珣,ㄒㄩㄣˊ
栒,ㄒㄩㄣˊ
荀,ㄒㄩㄣˊ
詢,ㄒㄩㄣˊ
巡,ㄒㄩㄣˊ
紃,ㄒㄩㄣˊ
馴,ㄒㄩㄣˊ,ㄒㄩㄣˋ
循,ㄒㄩㄣˊ
潯,ㄒㄩㄣˊ
撏,ㄒㄩㄣˊ
噚,ㄒㄩㄣˊ
燖,ㄒㄩㄣˊ
蟳,ㄒㄩㄣˊ
鱘,ㄒㄩㄣˊ
卂,ㄒㄩㄣˋ
汛,ㄒㄩㄣˋ
迅,ㄒㄩㄣˋ
訊,ㄒㄩㄣˋ
侚,ㄒㄩㄣˋ
迿,ㄒㄩㄣˋ
殉,ㄒㄩㄣˋ
訓,ㄒㄩㄣˋ
孫,ㄙㄨㄣ,ㄒㄩㄣˋ,ㄙㄨㄣˋ
遜,ㄒㄩㄣˋ,ㄙㄨㄣˋ
巽,ㄒㄩㄣˋ,ㄙㄨㄣˋ
潠,ㄙㄨㄣˋ,ㄒㄩㄣˋ
噀,ㄒㄩㄣˋ,ㄙㄨㄣˋ
凶,ㄒㄩㄥ
兇,ㄒㄩㄥ
匈,ㄒㄩㄥ
忷,ㄒㄩㄥ
洶,ㄒㄩㄥ
恟,ㄒㄩㄥ
哅,ㄒㄩㄥ
胸,ㄒㄩㄥ
兄,ㄒㄩㄥ
雄,ㄒㄩㄥˊ
熊,ㄒㄩㄥˊ
詗,ㄒㄩㄥˋ
敻,ㄒㄩㄥˋ
之,ㄓ
芝,ㄓ
支,ㄓ
吱,ㄓ
肢,ㄓ
鳷,ㄓ
氏,ㄕˋ,ㄓ
疧,ㄓ
秖,ㄓ
胝,ㄓ
祗,ㄓ
汁,ㄓ
只,ㄓˇ,ㄓ
胑,ㄓ
卮,ㄓ
知,ㄓ,ㄓˋ
蜘,ㄓ
隻,ㄓ
脂,ㄓ
梔,ㄓ
搘,ㄓ
榰,ㄓ
織,ㄓ
直,ㄓˊ
值,ㄓˊ,ㄓˋ
埴,ㄓˊ
植,ㄓˊ
殖,ㄓˊ
犆,ㄓˊ
稙,ㄓˊ
侄,ㄓˊ
挃,ㄓˊ
姪,ㄓˊ
執,ㄓˊ
蟄,ㄓˊ,ㄓㄜˊ
縶,ㄓˊ
跖,ㄓˊ,ㄓㄜˋ
摭,ㄓˊ
蹠,ㄓˊ
質,ㄓˊ,ㄓˋ
礩,ㄓˊ
樴,ㄓˊ
膱,ㄓˊ
職,ㄓˊ
蟙,ㄓˊ
擲,ㄓˊ
躑,ㄓˊ
夂,ㄓˇ
止,ㄓˇ
沚,ㄓˇ
址,ㄓˇ
阯,ㄓˇ
芷,ㄓˇ
祉,ㄓˇ
趾,ㄓˇ
咫,ㄓˇ
疻,ㄓˇ
軹,ㄓˇ
旨,ㄓˇ
恉,ㄓˇ
指,ㄓˇ
酯,ㄓˇ
坁,ㄓˇ
厎,ㄓˇ,ㄉㄧˇ,˙ㄉㄜ
扺,ㄓˇ
紙,ㄓˇ
黹,ㄓˇ
徵,ㄓㄥ,ㄓˇ
至,ㄓˋ
庢,ㄓˋ
致,ㄓˋ
郅,ㄓˋ
桎,ㄓˋ
窒,ㄓˋ
蛭,ㄓˋ
輊,ㄓˋ
銍,ㄓˋ
膣,ㄓˋ
緻,ㄓˋ
忮,ㄓˋ
志,ㄓˋ
痣,ㄓˋ
誌,ㄓˋ
豸,ㄓˋ
治,ㄓˋ,ㄔˊ
帙,ㄓˋ
秩,ㄓˋ
袠,ㄓˋ
袟,ㄓˋ
紩,ㄓˋ
制,ㄓˋ
猘,ㄓˋ
製,ㄓˋ
智,ㄓˋ
炙,ㄓˋ
庤,ㄓˋ
峙,ㄓˋ
痔,ㄓˋ
畤,ㄓˋ
跱,ㄓˋ
寘,ㄓˋ
置,ㄓˋ
陟,ㄓˋ
騭,ㄓˋ
彘,ㄓˋ
廌,ㄓˋ
雉,ㄓˋ
稚,ㄓˋ
滯,ㄓˋ
疐,ㄓˋ
懥,ㄓˋ
摯,ㄓˋ
贄,ㄓˋ
騺,ㄓˋ
鷙,ㄓˋ
幟,ㄓˋ
識,ㄕˋ,ㄓˋ
懫,ㄓˋ
躓,ㄓˋ
鑕,ㄓˋ
遲,ㄔˊ,ㄓˋ
觶,ㄓˋ
扎,ㄓㄚ,ㄓㄚˊ,ㄓㄚˇ
查,ㄔㄚˊ,ㄓㄚ
渣,ㄓㄚ,ㄓㄚˇ
喳,ㄓㄚ,ㄔㄚ
楂,ㄔㄚˊ,ㄓㄚ
摣,ㄓㄚ
樝,ㄓㄚ
皻,ㄓㄚ
齇,ㄓㄚ
挓,ㄓㄚ
奓,ㄓㄚ,ㄕㄜ,ㄔˇ
觰,ㄓㄚ
譇,ㄓㄚ
札,ㄓㄚˊ
紮,ㄓㄚˊ,ㄗㄚ
炸,ㄓㄚˋ,ㄓㄚˊ
哳,ㄓㄚˊ
煠,ㄧㄝˋ,ㄓㄚˊ
閘,ㄓㄚˊ
劄,ㄓㄚˊ
霅,ㄓㄚˊ
鍘,ㄓㄚˊ
扠,ㄔㄚ,ㄓㄚˇ
厏,ㄓㄚˇ
苲,ㄓㄚˇ
砟,ㄓㄚˋ,ㄓㄚˇ
詐,ㄓㄚˋ,ㄓㄚˇ
鮓,ㄓㄚˇ
眨,ㄓㄚˇ
乍,ㄓㄚˋ
咋,ㄓㄚˋ,ㄗㄜˊ
痄,ㄓㄚˋ
蚱,ㄓㄚˋ
笮,ㄗㄜˊ,ㄓㄚˋ
搾,ㄓㄚˋ
榨,ㄓㄚˋ
醡,ㄓㄚˋ
吒,ㄓㄚˋ
柵,ㄓㄚˋ,ㄕㄢˋ
溠,ㄓㄚˋ
蜡,ㄓㄚˋ,ㄔㄚˋ,ㄌㄚˋ
折,ㄓㄜˊ,ㄕㄜˊ,ㄓㄜ
㸙,ㄓㄜ
嗻,ㄓㄜˋ,ㄓㄜ
遮,ㄓㄜ,ㄓㄜˇ
螫,ㄓㄜ,ㄕˋ
哲,ㄓㄜˊ
晢,ㄓㄜˊ
蜇,ㄓㄜˊ
慴,ㄓㄜˊ
摺,ㄓㄜˊ,ㄓㄜˇ
輒,ㄓㄜˊ
鮿,ㄓㄜˊ
磔,ㄓㄜˊ
謫,ㄓㄜˊ
轍,ㄔㄜˋ,ㄓㄜˊ
讋,ㄓㄜˊ
懾,ㄓㄜˊ,ㄕㄜˋ
襵,ㄓㄜˊ
讘,ㄓㄜˊ
者,ㄓㄜˇ
赭,ㄓㄜˇ
鍺,ㄓㄜˇ
宅,ㄓㄞˊ,ㄓㄜˋ
柘,ㄓㄜˋ
浙,ㄓㄜˋ
這,ㄓㄜˋ,ㄓㄟˋ
蔗,ㄓㄜˋ
蟅,ㄓㄜˋ
鷓,ㄓㄜˋ
著,ㄓㄨˋ,ㄓㄨㄛˊ,ㄓㄠˊ,ㄓㄠ,˙ㄓㄜ
齋,ㄓㄞ
擇,ㄗㄜˊ,ㄓㄞˊ
窄,ㄓㄞˇ,ㄗㄜˊ
柴,ㄔㄞˊ,ㄓㄞˋ
砦,ㄓㄞˋ
責,ㄗㄜˊ,ㄓㄞˋ
債,ㄓㄞˋ
瘵,ㄓㄞˋ
寨,ㄓㄞˋ
抓,ㄓㄨㄚ,ㄓㄠ,ㄔㄨㄚˇ
昭,ㄓㄠ
釗,ㄓㄠ
朝,ㄓㄠ,ㄔㄠˊ
嘲,ㄔㄠˊ,ㄓㄠ
爪,ㄓㄠˇ,ㄓㄨㄚˇ
找,ㄓㄠˇ
沼,ㄓㄠˇ
召,ㄓㄠˋ,ㄕㄠˋ
炤,ㄓㄠˋ
詔,ㄓㄠˋ
照,ㄓㄠˋ
兆,ㄓㄠˋ
垗,ㄓㄠˋ
旐,ㄓㄠˋ
鮡,ㄓㄠˋ
笊,ㄓㄠˋ
棹,ㄓㄠˋ,ㄓㄨㄛ
罩,ㄓㄠˋ
㑿,ㄓㄠˋ
趙,ㄓㄠˋ
肇,ㄓㄠˋ
曌,ㄓㄠˋ
櫂,ㄓㄠˋ
州,ㄓㄡ
洲,ㄓㄡ
喌,ㄓㄡ,ㄓㄨˋ
舟,ㄓㄡ
侜,ㄓㄡ
輈,ㄓㄡ
鵃,ㄓㄡ
周,ㄓㄡ
啁,ㄓㄡ,ㄔㄠˊ
週,ㄓㄡ
輖,ㄓㄡ
賙,ㄓㄡ
粥,ㄓㄡ,ㄓㄨˋ,ㄩˋ
盩,ㄓㄡ
譸,ㄓㄡ
妯,ㄓㄡˊ,ㄓㄨˊ
舳,ㄓㄨˊ,ㄓㄡˊ
軸,ㄓㄡˊ,ㄓㄨˊ,ㄓㄡˋ
肘,ㄓㄡˇ
帚,ㄓㄡˇ
宙,ㄓㄡˋ
胄,ㄓㄡˋ
冑,ㄓㄡˋ
咒,ㄓㄡˋ
咮,ㄓㄡˋ
紂,ㄓㄡˋ
酎,ㄓㄡˋ
晝,ㄓㄡˋ
㑳,ㄓㄡˋ
皺,ㄓㄡˋ
縐,ㄓㄡˋ
甃,ㄓㄡˋ
僽,ㄓㄡˋ
噣,ㄓㄡˋ,ㄓㄨㄛˊ
繇,ㄧㄡˊ,ㄧㄠˊ,ㄓㄡˋ
籀,ㄓㄡˋ
占,ㄓㄢ,ㄓㄢˋ
佔,ㄓㄢˋ,ㄓㄢ
沾,ㄓㄢ
詀,ㄓㄢ
覘,ㄓㄢ
霑,ㄓㄢ
旃,ㄓㄢ
栴,ㄓㄢ
詹,ㄓㄢ
薝,ㄓㄢ
瞻,ㄓㄢ
譫,ㄓㄢ
邅,ㄓㄢ
氈,ㄓㄢ
饘,ㄓㄢ
鸇,ㄓㄢ
鱣,ㄓㄢ,ㄕㄢˋ
展,ㄓㄢˇ
搌,ㄓㄢˇ
蹍,ㄓㄢˇ
斬,ㄓㄢˇ
嶄,ㄓㄢˇ,ㄔㄢˊ
琖,ㄓㄢˇ
盞,ㄓㄢˇ
醆,ㄓㄢˇ
颭,ㄓㄢˇ
樿,ㄕㄢˋ,ㄓㄢˇ
皽,ㄓㄢˇ
站,ㄓㄢˋ
棧,ㄓㄢˋ
輚,ㄓㄢˋ
綻,ㄓㄢˋ
暫,ㄓㄢˋ,ㄗㄢˋ
蹔,ㄓㄢˋ,ㄗㄢˋ
戰,ㄓㄢˋ
襢,ㄓㄢˋ,ㄊㄢˇ
顫,ㄓㄢˋ,ㄔㄢˋ
轏,ㄓㄢˋ
驏,ㄓㄢˋ,ㄔㄢˇ
蘸,ㄓㄢˋ
珍,ㄓㄣ
胗,ㄓㄣ,ㄓㄣˇ
診,ㄓㄣˇ,ㄓㄣ
貞,ㄓㄣ
偵,ㄓㄣ
湞,ㄓㄣ
楨,ㄓㄣ
禎,ㄓㄣ
振,ㄓㄣˋ,ㄓㄣ
真,ㄓㄣ
禛,ㄓㄣ
砧,ㄓㄣ
針,ㄓㄣ
唇,ㄔㄨㄣˊ,ㄓㄣ
溱,ㄓㄣ
獉,ㄓㄣ
榛,ㄓㄣ
臻,ㄓㄣ
瑊,ㄓㄣ
葴,ㄓㄣ
箴,ㄓㄣ
鍼,ㄓㄣ
斟,ㄓㄣ
椹,ㄓㄣ,ㄕㄣˋ
甄,ㄓㄣ
枕,ㄓㄣˇ,ㄓㄣˋ
疹,ㄓㄣˇ
眕,ㄓㄣˇ
畛,ㄓㄣˇ
袗,ㄓㄣˇ
紾,ㄓㄣˇ
軫,ㄓㄣˇ
裖,ㄓㄣˇ
辴,ㄓㄣˇ
稹,ㄓㄣˇ
縝,ㄓㄣˇ
鬒,ㄓㄣˇ
黰,ㄓㄣˇ
圳,ㄗㄨㄣˋ,ㄔㄡˊ,ㄓㄣˋ
鴆,ㄓㄣˋ
挋,ㄓㄣˋ
侲,ㄓㄣˋ
娠,ㄕㄣ,ㄓㄣˋ
蜄,ㄓㄣˋ
賑,ㄓㄣˋ
震,ㄓㄣˋ
朕,ㄓㄣˋ
眹,ㄓㄣˋ
紖,ㄓㄣˋ
陣,ㄓㄣˋ
陳,ㄔㄣˊ,ㄓㄣˋ
敶,ㄔㄣˊ,ㄓㄣˋ
揕,ㄓㄣˋ
鎮,ㄓㄣˋ
章,ㄓㄤ
漳,ㄓㄤ
彰,ㄓㄤ
鄣,ㄓㄤ
慞,ㄓㄤ
獐,ㄓㄤ
嫜,ㄓㄤ
璋,ㄓㄤ
樟,ㄓㄤ
蟑,ㄓㄤ
鱆,ㄓㄤ
張,ㄓㄤ,ㄓㄤˋ
粻,ㄓㄤ
餦,ㄓㄤ
仉,ㄓㄤˇ
長,ㄔㄤˊ,ㄓㄤˇ,ㄓㄤˋ
漲,ㄓㄤˋ,ㄓㄤˇ
掌,ㄓㄤˇ
丈,ㄓㄤˋ
仗,ㄓㄤˋ
杖,ㄓㄤˋ
帳,ㄓㄤˋ
脹,ㄓㄤˋ
賬,ㄓㄤˋ
嶂,ㄓㄤˋ
幛,ㄓㄤˋ
障,ㄓㄤˋ
瘴,ㄓㄤˋ
正,ㄓㄥˋ,ㄓㄥ
征,ㄓㄥ
鉦,ㄓㄥ
爭,ㄓㄥ
掙,ㄓㄥ,ㄓㄥˋ
崢,ㄓㄥ,ㄔㄥˊ
猙,ㄓㄥ
睜,ㄓㄥ
箏,ㄓㄥ
諍,ㄓㄥ
錚,ㄓㄥ
鬇,ㄓㄥ
烝,ㄓㄥ
脀,ㄓㄥ
蒸,ㄓㄥ
癥,ㄓㄥ
拯,ㄓㄥˇ
撜,ㄓㄥˇ,ㄔㄥˊ
整,ㄓㄥˇ
政,ㄓㄥˋ
症,ㄓㄥˋ
証,ㄓㄥˋ
幀,ㄓㄥˋ
鄭,ㄓㄥˋ
證,ㄓㄥˋ
朱,ㄓㄨ,ㄕㄨˊ
侏,ㄓㄨ
洙,ㄓㄨ,ㄕㄨ
邾,ㄓㄨ
珠,ㄓㄨ
株,ㄓㄨ
茱,ㄓㄨ
硃,ㄓㄨ
袾,ㄓㄨ
蛛,ㄓㄨ
誅,ㄓㄨ
跦,ㄓㄨ
銖,ㄓㄨ
諸,ㄓㄨ
豬,ㄓㄨ
瀦,ㄓㄨ
櫧,ㄓㄨ
櫫,ㄓㄨ
藷,ㄓㄨ,ㄕㄨˇ
朮,ㄓㄨˊ
竹,ㄓㄨˊ
竺,ㄓㄨˊ
窋,ㄓㄨˊ
逐,ㄓㄨˊ
瘃,ㄓㄨˊ
蓫,ㄓㄨˊ
筑,ㄓㄨˊ
築,ㄓㄨˊ
燭,ㄓㄨˊ
蠋,ㄓㄨˊ
躅,ㄓㄨˊ
斸,ㄓㄨˊ
丶,ㄓㄨˇ
主,ㄓㄨˇ
拄,ㄓㄨˇ
砫,ㄓㄨˇ,ㄓㄨˋ
麈,ㄓㄨˇ
枓,ㄉㄡˇ,ㄓㄨˇ
渚,ㄓㄨˇ
陼,ㄓㄨˇ
煮,ㄓㄨˇ
貯,ㄓㄨˇ
屬,ㄕㄨˇ,ㄓㄨˇ
囑,ㄓㄨˇ
矚,ㄓㄨˇ
宁,ㄓㄨˋ
佇,ㄓㄨˋ
苧,ㄓㄨˋ
眝,ㄓㄨˋ
羜,ㄓㄨˋ
紵,ㄓㄨˋ
助,ㄓㄨˋ
住,ㄓㄨˋ
注,ㄓㄨˋ
炷,ㄓㄨˋ
柱,ㄓㄨˋ
疰,ㄓㄨˋ
罜,ㄓㄨˋ
蛀,ㄓㄨˋ
紸,ㄓㄨˋ
註,ㄓㄨˋ
跓,ㄓㄨˋ
鉒,ㄓㄨˋ
駐,ㄓㄨˋ
杼,ㄓㄨˋ
壴,ㄓㄨˋ
柷,ㄔㄨˋ,ㄓㄨˋ
祝,ㄓㄨˋ
翥,ㄓㄨˋ
箸,ㄓㄨˋ
鬻,ㄩˋ,ㄓㄨˋ
馵,ㄓㄨˋ
鑄,ㄓㄨˋ
撾,ㄓㄨㄚ
檛,ㄓㄨㄚ
髽,ㄓㄨㄚ
卓,ㄓㄨㄛˊ,ㄓㄨㄛ
桌,ㄓㄨㄛ
捉,ㄓㄨㄛ
涿,ㄓㄨㄛˊ,ㄓㄨㄛ
勺,ㄕㄠˊ,ㄓㄨㄛˊ,ㄕㄨㄛˋ
汋,ㄓㄨㄛˊ
灼,ㄓㄨㄛˊ
酌,ㄓㄨㄛˊ
拙,ㄓㄨㄛˊ
茁,ㄓㄨㄛˊ
倬,ㄓㄨㄛˊ
啅,ㄓㄨㄛˊ
焯,ㄓㄨㄛˊ
趠,ㄓㄨㄛˊ,ㄔㄠˋ
踔,ㄓㄨㄛˊ
叕,ㄓㄨㄛˊ
畷,ㄓㄨㄛˊ
罬,ㄓㄨㄛˊ
斫,ㄓㄨㄛˊ
斮,ㄓㄨㄛˊ
斲,ㄓㄨㄛˊ
浞,ㄓㄨㄛˊ
啄,ㄓㄨㄛˊ
琢,ㄓㄨㄛˊ
椓,ㄓㄨㄛˊ
諑,ㄓㄨㄛˊ
禚,ㄓㄨㄛˊ
濁,ㄓㄨㄛˊ
斀,ㄓㄨㄛˊ
鐲,ㄓㄨㄛˊ
濯,ㄓㄨㄛˊ
擢,ㄓㄨㄛˊ
穛,ㄓㄨㄛˊ
鷟,ㄓㄨㄛˊ
拽,ㄓㄨㄞˋ,ㄧㄝˋ,ㄓㄨㄞ
跩,ㄓㄨㄞˇ
隹,ㄓㄨㄟ
椎,ㄓㄨㄟ,ㄔㄨㄟˊ
錐,ㄓㄨㄟ
騅,ㄓㄨㄟ
鵻,ㄓㄨㄟ
惴,ㄓㄨㄟˋ
膇,ㄓㄨㄟˋ
縋,ㄓㄨㄟˋ
綴,ㄓㄨㄟˋ
錣,ㄓㄨㄟˋ
餟,ㄓㄨㄟˋ
墜,ㄓㄨㄟˋ
贅,ㄓㄨㄟˋ
顓,ㄓㄨㄢ
專,ㄓㄨㄢ
嫥,ㄓㄨㄢ
膞,ㄓㄨㄢ
磚,ㄓㄨㄢ
鱄,ㄓㄨㄢ
竱,ㄓㄨㄢˇ
轉,ㄓㄨㄢˇ,ㄓㄨㄢˋ
囀,ㄓㄨㄢˇ
瑑,ㄓㄨㄢˋ
篆,ㄓㄨㄢˋ
傳,ㄔㄨㄢˊ,ㄓㄨㄢˋ
縳,ㄓㄨㄢˋ,ㄔㄨㄢˊ
僎,ㄓㄨㄢˋ
撰,ㄓㄨㄢˋ
譔,ㄓㄨㄢˋ
饌,ㄓㄨㄢˋ
篹,ㄓㄨㄢˋ,ㄙㄨㄢˇ,ㄗㄨㄢˇ
賺,ㄓㄨㄢˋ,ㄗㄨㄢˋ
迍,ㄓㄨㄣ
肫,ㄓㄨㄣ
窀,ㄓㄨㄣ
諄,ㄓㄨㄣ
衠,ㄓㄨㄣ
准,ㄓㄨㄣˇ
隼,ㄓㄨㄣˇ
準,ㄓㄨㄣˇ
純,ㄔㄨㄣˊ,ㄓㄨㄣˇ
埻,ㄓㄨㄣˇ
訰,ㄓㄨㄣˋ
妝,ㄓㄨㄤ
莊,ㄓㄨㄤ
裝,ㄓㄨㄤ
樁,ㄓㄨㄤ
奘,ㄗㄤˋ,ㄓㄨㄤˇ
壯,ㄓㄨㄤˋ
狀,ㄓㄨㄤˋ
撞,ㄓㄨㄤˋ,ㄔㄨㄤˊ
幢,ㄔㄨㄤˊ,ㄓㄨㄤˋ
中,ㄓㄨㄥ,ㄓㄨㄥˋ
忠,ㄓㄨㄥ
盅,ㄓㄨㄥ
衷,ㄓㄨㄥ
舯,ㄓㄨㄥ
伀,ㄓㄨㄥ
忪,ㄓㄨㄥ,ㄙㄨㄥ
妐,ㄓㄨㄥ
終,ㄓㄨㄥ
蔠,ㄓㄨㄥ
螽,ㄓㄨㄥ
潀,ㄓㄨㄥ
鍾,ㄓㄨㄥ
鐘,ㄓㄨㄥ
冢,ㄓㄨㄥˇ
塚,ㄓㄨㄥˇ
尰,ㄓㄨㄥˇ,ㄔㄨㄥˋ
腫,ㄓㄨㄥˇ
種,ㄓㄨㄥˇ,ㄓㄨㄥˋ
踵,ㄓㄨㄥˇ
仲,ㄓㄨㄥˋ
重,ㄓㄨㄥˋ,ㄔㄨㄥˊ
眾,ㄓㄨㄥˋ
粽,ㄗㄨㄥˋ,ㄓㄨㄥˋ
杘,ㄔ
哧,ㄔ
郗,ㄔ
瓻,ㄔ
絺,ㄔ
胵,ㄔ
蚩,ㄔ
嗤,ㄔ
媸,ㄔ
眵,ㄔ
笞,ㄔ
喫,ㄔ
痴,ㄔ,ㄔˊ
摛,ㄔ
螭,ㄔ
魑,ㄔ
黐,ㄔ
鴟,ㄔ
齹,ㄔ
尺,ㄔˇ,ㄔˊ,ㄔㄜˇ
池,ㄔˊ
弛,ㄕˇ,ㄔˊ
馳,ㄔˊ
泜,ㄔˊ
蚳,ㄔˊ
貾,ㄔˊ
持,ㄔˊ
歭,ㄔˊ
茌,ㄔˊ
荎,ㄔˊ
匙,ㄔˊ,˙ㄕ
踟,ㄔˊ
墀,ㄔˊ
篪,ㄔˊ
呎,ㄔˇ
蚇,ㄔˇ
侈,ㄔˇ
誃,ㄔˇ
恥,ㄔˇ
豉,ㄕˋ,ㄔˇ
齒,ㄔˇ
褫,ㄔˇ
彳,ㄔˋ
叱,ㄔˋ
斥,ㄔˋ
赤,ㄔˋ
抶,ㄔˋ
翅,ㄔˋ
眙,ㄔˋ,ㄧˊ
敕,ㄔˋ
鷘,ㄔˋ
跇,ㄔˋ,ㄧˋ
飭,ㄔˋ
跮,ㄔˋ
傺,ㄔˋ
熾,ㄔˋ
懘,ㄔˋ
鶒,ㄔˋ
叉,ㄔㄚ,ㄔㄚˊ,ㄔㄚˇ
杈,ㄔㄚ,ㄔㄚˋ
臿,ㄔㄚ
插,ㄔㄚ
差,ㄔㄚ,ㄔㄚˋ,ㄔㄞ,ㄔㄞˋ,ㄘ,ㄘㄨㄛ
艖,ㄔㄚ
嗏,ㄔㄚ
岔,ㄔㄚˋ,ㄔㄚˊ
垞,ㄔㄚˊ
碴,ㄔㄚˊ
茶,ㄔㄚˊ
搽,ㄔㄚˊ,ㄘㄚ
察,ㄔㄚˊ
槎,ㄔㄚˊ
鍤,ㄔㄚˊ
衩,ㄔㄚˋ,ㄔㄚˇ
蹅,ㄔㄚˇ
鑔,ㄔㄚˇ
汊,ㄔㄚˋ
奼,ㄔㄚˋ
侘,ㄔㄚˋ
詫,ㄔㄚˋ
剎,ㄔㄚˋ,ㄕㄚ
唓,ㄔㄜ
硨,ㄔㄜ
蛼,ㄔㄜ
扯,ㄔㄜˇ
撦,ㄔㄜˇ
屮,ㄔㄜˋ
坼,ㄔㄜˋ
拆,ㄔㄞ,ㄔㄜˋ
呫,ㄔㄜˋ
掣,ㄔㄜˋ
澈,ㄔㄜˋ
撤,ㄔㄜˋ
徹,ㄔㄜˋ
釵,ㄔㄞ
茈,ㄗˇ,ㄔㄞˊ,ㄘˊ
祡,ㄔㄞˊ
喍,ㄔㄞˊ
豺,ㄔㄞˊ
儕,ㄔㄞˊ
冊,ㄘㄜˋ,ㄔㄞˇ
茝,ㄔㄞˇ
瘥,ㄔㄞˋ,ㄘㄨㄛˊ
蠆,ㄔㄞˋ
抄,ㄔㄠ
訬,ㄔㄠ
鈔,ㄔㄠ,ㄔㄠˋ
怊,ㄔㄠ
弨,ㄔㄠ
超,ㄔㄠ
罺,ㄔㄠ
晁,ㄔㄠˊ
巢,ㄔㄠˊ
漅,ㄔㄠˊ
樔,ㄔㄠˊ
潮,ㄔㄠˊ
鼂,ㄔㄠˊ
吵,ㄔㄠˇ
炒,ㄔㄠˇ
麨,ㄔㄠˇ
耖,ㄔㄠˋ
抽,ㄔㄡ
紬,ㄔㄡˊ,ㄔㄡ
搐,ㄔㄨˋ,ㄔㄡ
搊,ㄔㄡ
篘,ㄔㄡ
瘳,ㄔㄡ
犨,ㄔㄡ
惆,ㄔㄡˊ
稠,ㄔㄡˊ
裯,ㄔㄡˊ
綢,ㄔㄡˊ
詶,ㄔㄡˊ
酬,ㄔㄡˊ
愁,ㄔㄡˊ
㵞,ㄔㄡˊ
雔,ㄔㄡˊ
讎,ㄔㄡˊ
儔,ㄔㄡˊ
懤,ㄔㄡˊ
疇,ㄔㄡˊ
籌,ㄔㄡˊ
躊,ㄔㄡˊ
鯈,ㄔㄡˊ,ㄧㄡˊ
丑,ㄔㄡˇ
偢,ㄔㄡˇ
瞅,ㄔㄡˇ
醜,ㄔㄡˇ
簉,ㄗㄠˋ,ㄔㄡˋ
裧,ㄔㄢ
摻,ㄕㄢ,ㄕㄢˇ,ㄘㄢˋ,ㄔㄢ
幨,ㄔㄢ
襜,ㄔㄢ
攙,ㄔㄢ
嬋,ㄔㄢˊ
禪,ㄔㄢˊ,ㄕㄢˋ
蟬,ㄔㄢˊ
孱,ㄔㄢˊ,ㄘㄢˋ
僝,ㄔㄢˊ
潺,ㄔㄢˊ
獑,ㄔㄢˊ
廛,ㄔㄢˊ
瀍,ㄔㄢˊ
纏,ㄔㄢˊ
躔,ㄔㄢˊ
澶,ㄔㄢˊ
蟺,ㄕㄢˋ,ㄔㄢˊ
鋋,ㄔㄢˊ
毚,ㄔㄢˊ
劖,ㄔㄢˊ
瀺,ㄔㄢˊ
巉,ㄔㄢˊ
酁,ㄔㄢˊ
欃,ㄔㄢˊ
讒,ㄔㄢˊ
鑱,ㄔㄢˊ
饞,ㄔㄢˊ
蟾,ㄔㄢˊ
剗,ㄔㄢˇ,ㄔㄢˋ
產,ㄔㄢˇ
剷,ㄔㄢˇ
滻,ㄔㄢˇ
鏟,ㄔㄢˇ
諂,ㄔㄢˇ
幝,ㄔㄢˇ
燀,ㄔㄢˇ
繟,ㄔㄢˇ
闡,ㄔㄢˇ
囅,ㄔㄢˇ
灛,ㄔㄢˇ
蕆,ㄔㄢˇ
丳,ㄔㄢˋ
儳,ㄔㄢˋ
嚵,ㄔㄢˋ
懺,ㄔㄢˋ
羼,ㄔㄢˋ
韂,ㄔㄢˋ
抻,ㄕㄣˋ,ㄔㄣ
捵,ㄔㄣ
郴,ㄔㄣ
琛,ㄔㄣ
嗔,ㄔㄣ
瞋,ㄔㄣ
臣,ㄔㄣˊ
沉,ㄔㄣˊ
沈,ㄔㄣˊ,ㄕㄣˇ
忱,ㄔㄣˊ
辰,ㄔㄣˊ
宸,ㄔㄣˊ
晨,ㄔㄣˊ
梣,ㄔㄣˊ
蔯,ㄔㄣˊ
煁,ㄔㄣˊ
諶,ㄔㄣˊ
塵,ㄔㄣˊ
硶,ㄔㄣˇ
磣,ㄔㄣˇ
踸,ㄔㄣˇ
鍖,ㄔㄣˇ
疢,ㄔㄣˋ
趁,ㄔㄣˋ
稱,ㄔㄥ,ㄔㄥˋ,ㄔㄣˋ
齔,ㄔㄣˋ
闖,ㄔㄣˋ,ㄔㄨㄤˇ,ㄔㄨㄤˋ
儭,ㄔㄣˋ
嚫,ㄔㄣˋ
櫬,ㄔㄣˋ
襯,ㄔㄣˋ
讖,ㄔㄣˋ
昌,ㄔㄤ
倡,ㄔㄤˋ,ㄔㄤ
猖,ㄔㄤ
娼,ㄔㄤ
菖,ㄔㄤ
閶,ㄔㄤ
錩,ㄔㄤ
鯧,ㄔㄤ
倀,ㄔㄤ
鼚,ㄔㄤ
萇,ㄔㄤˊ
常,ㄔㄤˊ
徜,ㄔㄤˊ
裳,ㄔㄤˊ,ㄕㄤ
嘗,ㄔㄤˊ
嫦,ㄔㄤˊ
償,ㄔㄤˊ
嚐,ㄔㄤˊ
鱨,ㄔㄤˊ
場,ㄔㄤˊ,ㄔㄤˇ
腸,ㄔㄤˊ
昶,ㄔㄤˇ
敞,ㄔㄤˇ
廠,ㄔㄤˇ
氅,ㄔㄤˇ
鋹,ㄔㄤˇ
唱,ㄔㄤˋ
鬯,ㄔㄤˋ
悵,ㄔㄤˋ
韔,ㄔㄤˋ
瑒,ㄔㄤˋ,ㄧㄤˊ
暢,ㄔㄤˋ
偁,ㄔㄥ
琤,ㄔㄥ
牚,ㄔㄥ
撐,ㄔㄥ
橕,ㄔㄥ
噌,ㄔㄥ,ㄘㄥ,ㄘㄥˇ
赬,ㄔㄥ
瞠,ㄔㄥ
檉,ㄔㄥ
蟶,ㄔㄥ
成,ㄔㄥˊ
宬,ㄔㄥˊ
城,ㄔㄥˊ
郕,ㄔㄥˊ
晟,ㄕㄥˋ,ㄔㄥˊ
盛,ㄔㄥˊ,ㄕㄥˋ
誠,ㄔㄥˊ
鋮,ㄔㄥˊ
丞,ㄔㄥˊ
承,ㄔㄥˊ
呈,ㄔㄥˊ
埕,ㄔㄥˊ
珵,ㄔㄥˊ
脭,ㄔㄥˊ
程,ㄔㄥˊ
裎,ㄔㄥˊ
酲,ㄔㄥˊ
乘,ㄔㄥˊ,ㄕㄥˋ
騬,ㄔㄥˊ
掁,ㄔㄥˊ
棖,ㄔㄥˊ
䟫,ㄔㄥˊ
傖,ㄘㄤ,ㄔㄥˊ
塍,ㄔㄥˊ
澂,ㄔㄥˊ
懲,ㄔㄥˊ
橙,ㄔㄥˊ
逞,ㄔㄥˇ
騁,ㄔㄥˇ
出,ㄔㄨ
初,ㄔㄨ
貙,ㄔㄨ
齣,ㄔㄨ
芻,ㄔㄨˊ
雛,ㄔㄨˊ
除,ㄔㄨˊ
滁,ㄔㄨˊ
蜍,ㄔㄨˊ,ㄩˊ
蒢,ㄔㄨˊ
篨,ㄔㄨˊ
儲,ㄔㄨˊ,ㄔㄨˇ
藸,ㄔㄨˊ
躇,ㄔㄨˊ
耡,ㄔㄨˊ
鉏,ㄔㄨˊ
鋤,ㄔㄨˊ
廚,ㄔㄨˊ
幮,ㄔㄨˊ
櫥,ㄔㄨˊ
躕,ㄔㄨˊ
杵,ㄔㄨˇ
處,ㄔㄨˋ,ㄔㄨˇ
楮,ㄔㄨˇ
褚,ㄔㄨˇ
楚,ㄔㄨˇ
礎,ㄔㄨˇ
齭,ㄔㄨˇ
亍,ㄔㄨˋ
怵,ㄔㄨˋ
滀,ㄔㄨˋ
鄐,ㄔㄨˋ
俶,ㄔㄨˋ,ㄊㄧˋ
諔,ㄔㄨˋ
絀,ㄔㄨˋ
黜,ㄔㄨˋ
閦,ㄔㄨˋ
擉,ㄔㄨˋ
歜,ㄔㄨˋ
斶,ㄔㄨˋ
臅,ㄔㄨˋ
觸,ㄔㄨˋ
矗,ㄔㄨˋ
䫄,ㄔㄨㄚˋ
戳,ㄔㄨㄛ
辵,ㄔㄨㄛˋ
娖,ㄔㄨㄛˋ
齪,ㄔㄨㄛˋ
惙,ㄔㄨㄛˋ
啜,ㄔㄨㄛˋ
輟,ㄔㄨㄛˋ
醊,ㄔㄨㄛˋ
歠,ㄔㄨㄛˋ
婥,ㄔㄨㄛˋ
逴,ㄔㄨㄛˋ
綽,ㄔㄨㄛˋ
婼,ㄔㄨㄛˋ,ㄖㄨㄛˋ
搋,ㄔㄨㄞ
膗,ㄔㄨㄞˊ
揣,ㄔㄨㄞˇ
嘬,ㄔㄨㄞˋ,ㄗㄨㄛ
踹,ㄕㄨㄢˋ,ㄔㄨㄞˋ
膪,ㄔㄨㄞˋ
吹,ㄔㄨㄟ,ㄔㄨㄟˋ
炊,ㄔㄨㄟ,ㄔㄨㄟˋ
垂,ㄔㄨㄟˊ
厜,ㄔㄨㄟˊ
倕,ㄔㄨㄟˊ
捶,ㄔㄨㄟˊ
陲,ㄔㄨㄟˊ
棰,ㄔㄨㄟˊ
菙,ㄔㄨㄟˊ
箠,ㄔㄨㄟˊ
錘,ㄔㄨㄟˊ
圌,ㄔㄨㄟˊ
搥,ㄔㄨㄟˊ
槌,ㄔㄨㄟˊ
鎚,ㄔㄨㄟˊ
川,ㄔㄨㄢ
氚,ㄔㄨㄢ
巛,ㄔㄨㄢ
穿,ㄔㄨㄢ
船,ㄔㄨㄢˊ
椽,ㄔㄨㄢˊ
遄,ㄔㄨㄢˊ
歂,ㄔㄨㄢˊ
輲,ㄔㄨㄢˊ
舛,ㄔㄨㄢˇ
荈,ㄔㄨㄢˇ
喘,ㄔㄨㄢˇ
踳,ㄔㄨㄣˇ,ㄔㄨㄢˇ
串,ㄔㄨㄢˋ
釧,ㄔㄨㄢˋ
杶,ㄔㄨㄣ
春,ㄔㄨㄣ
椿,ㄔㄨㄣ
輴,ㄔㄨㄣ
淳,ㄔㄨㄣˊ
焞,ㄔㄨㄣˊ
醇,ㄔㄨㄣˊ
鶉,ㄔㄨㄣˊ
脣,ㄔㄨㄣˊ
漘,ㄔㄨㄣˊ
蓴,ㄔㄨㄣˊ
蠢,ㄔㄨㄣˇ
囪,ㄘㄨㄥ,ㄔㄨㄤ
窗,ㄔㄨㄤ
創,ㄔㄨㄤˋ,ㄔㄨㄤ
瘡,ㄔㄨㄤ
摐,ㄔㄨㄤ
疒,ㄔㄨㄤˊ
床,ㄔㄨㄤˊ
噇,ㄔㄨㄤˊ
刱,ㄔㄨㄤˋ
凔,ㄔㄨㄤˋ
愴,ㄔㄨㄤˋ
充,ㄔㄨㄥ
茺,ㄔㄨㄥ
沖,ㄔㄨㄥ
忡,ㄔㄨㄥ
翀,ㄔㄨㄥ
舂,ㄔㄨㄥ
憃,ㄔㄨㄥ
憧,ㄔㄨㄥ
衝,ㄔㄨㄥ,ㄔㄨㄥˋ
蟲,ㄔㄨㄥˊ
种,ㄔㄨㄥˊ,ㄓㄨㄥˇ,ㄓㄨㄥˋ
崇,ㄔㄨㄥˊ
寵,ㄔㄨㄥˇ
銃,ㄔㄨㄥˋ
尸,ㄕ
屍,ㄕ
鳲,ㄕ
失,ㄕ
虱,ㄕ
施,ㄕ,ㄧˋ,ㄧˊ
絁,ㄕ
葹,ㄕ
邿,ㄕ
詩,ㄕ
拾,ㄕˊ,ㄕㄜˋ,ㄕ
師,ㄕ
獅,ㄕ
蒒,ㄕ
溼,ㄕ
蓍,ㄕ
蝨,ㄕ
褷,ㄕ
十,ㄕˊ
什,ㄕˊ,ㄕㄣˊ,ㄕㄜˊ
祏,ㄕˊ
碩,ㄕㄨㄛˋ,ㄕˊ
鼫,ㄕˊ
食,ㄕˊ,ㄙˋ,ㄧˋ
蝕,ㄕˊ
時,ㄕˊ
塒,ㄕˊ
蒔,ㄕˊ
鰣,ㄕˊ
射,ㄕㄜˋ,ㄕˊ,ㄧˋ,ㄧㄝˋ
湜,ㄕˊ
寔,ㄕˊ
實,ㄕˊ
史,ㄕˇ
使,ㄕˇ,ㄕˋ
駛,ㄕˇ
矢,ㄕˇ
豕,ㄕˇ
始,ㄕˇ,ㄕˋ
縰,ㄕˇ
纚,ㄕˇ
士,ㄕˋ
仕,ㄕˋ
舐,ㄕˋ
市,ㄕˋ
柿,ㄕˋ
鈰,ㄕˋ
視,ㄕˋ
世,ㄕˋ
貰,ㄕˋ
式,ㄕˋ
拭,ㄕˋ
栻,ㄕˋ
試,ㄕˋ
軾,ㄕˋ
弒,ㄕˋ
事,ㄕˋ
侍,ㄕˋ
恃,ㄕˋ
室,ㄕˋ
是,ㄕˋ
徥,ㄕˋ
翨,ㄕˋ
諟,ㄕˋ
埶,ㄧˋ,ㄕˋ
勢,ㄕˋ
逝,ㄕˋ
誓,ㄕˋ
䁑,ㄕˋ
嗜,ㄕˋ
筮,ㄕˋ
澨,ㄕˋ
噬,ㄕˋ
簭,ㄕˋ
飾,ㄕˋ
奭,ㄕˋ
襫,ㄕˋ
僿,ㄕˋ
諡,ㄕˋ
釋,ㄕˋ
沙,ㄕㄚ
砂,ㄕㄚ
唦,ㄕㄚ
猀,ㄕㄚ
紗,ㄕㄚ
逤,ㄕㄚ
莎,ㄙㄨㄛ,ㄕㄚ
痧,ㄕㄚ
裟,ㄕㄚ
魦,ㄕㄚ
鯊,ㄕㄚ
杉,ㄕㄢ,ㄕㄚ
殺,ㄕㄚ,ㄕㄞˋ,ㄕㄚˋ
摋,ㄙㄚˋ,ㄕㄚ
蔱,ㄕㄚ
鎩,ㄕㄚ,ㄕㄞˋ
煞,ㄕㄚˋ,ㄕㄚ
啥,ㄕㄚˊ
傻,ㄕㄚˇ
翣,ㄕㄚˋ
霎,ㄕㄚˋ
萐,ㄕㄚˋ
喢,ㄕㄚˋ
歃,ㄕㄚˋ
嗄,ㄕㄚˋ,ㄚˊ
翜,ㄕㄚˋ
挲,ㄙㄨㄛ,˙ㄕㄚ,˙ㄙㄚ
奢,ㄕㄜ
畬,ㄩˊ,ㄕㄜ
賒,ㄕㄜ
舌,ㄕㄜˊ
佘,ㄕㄜˊ
甚,ㄕㄣˋ,ㄕㄣˊ,ㄕㄜˊ
蛇,ㄕㄜˊ,ㄧˊ
揲,ㄕㄜˊ
舍,ㄕㄜˋ,ㄕㄜˇ
捨,ㄕㄜˇ
社,ㄕㄜˋ
猞,ㄕㄜˋ
涉,ㄕㄜˋ
麝,ㄕㄜˋ
設,ㄕㄜˋ
蔎,ㄕㄜˋ
赦,ㄕㄜˋ
葉,ㄧㄝˋ,ㄕㄜˋ
韘,ㄕㄜˋ
摵,ㄕㄜˋ
灄,ㄕㄜˋ
篩,ㄕㄞ
色,ㄙㄜˋ,ㄕㄞˇ
晒,ㄕㄞˋ
誰,ㄕㄟˊ,ㄕㄨㄟˊ
捎,ㄕㄠ,ㄕㄠˋ
弰,ㄕㄠ
梢,ㄕㄠ
稍,ㄕㄠ,ㄕㄠˋ
旓,ㄕㄠ
萷,ㄕㄠ,ㄕㄨㄛˋ
筲,ㄕㄠ
艄,ㄕㄠ
䈰,ㄕㄠ
髾,ㄕㄠ
䈾,ㄕㄠ
燒,ㄕㄠ
芍,ㄕㄠˊ,ㄕㄨㄛˋ
韶,ㄕㄠˊ
少,ㄕㄠˇ,ㄕㄠˋ
卲,ㄕㄠˋ
劭,ㄕㄠˋ
邵,ㄕㄠˋ
袑,ㄕㄠˋ
紹,ㄕㄠˋ
哨,ㄕㄠˋ
潲,ㄕㄠˋ
收,ㄕㄡ
熟,ㄕㄨˊ,ㄕㄡˊ
手,ㄕㄡˇ
掱,ㄕㄡˇ
守,ㄕㄡˋ,ㄕㄡˇ
首,ㄕㄡˇ
艏,ㄕㄡˇ
狩,ㄕㄡˋ
受,ㄕㄡˋ
授,ㄕㄡˋ
綬,ㄕㄡˋ
售,ㄕㄡˋ
壽,ㄕㄡˋ
瘦,ㄕㄡˋ
獸,ㄕㄡˋ
山,ㄕㄢ
舢,ㄕㄢ
彡,ㄕㄢ
衫,ㄕㄢ
釤,ㄕㄢˋ,ㄕㄢ
刪,ㄕㄢ
珊,ㄕㄢ
跚,ㄕㄢ
芟,ㄕㄢ
苫,ㄕㄢ
笘,ㄕㄢ
扇,ㄕㄢˋ,ㄕㄢ
搧,ㄕㄢ
煽,ㄕㄢ
埏,ㄧㄢˊ,ㄕㄢ
襂,ㄕㄢ
縿,ㄕㄢ
潸,ㄕㄢ
羶,ㄕㄢ
閃,ㄕㄢˇ
陝,ㄕㄢˇ
睒,ㄕㄢˇ
汕,ㄕㄢˋ
疝,ㄕㄢˋ
訕,ㄕㄢˋ
赸,ㄕㄢˋ
剡,ㄧㄢˇ,ㄕㄢˋ
掞,ㄕㄢˋ,ㄧㄢˋ
騸,ㄕㄢˋ
善,ㄕㄢˋ
鄯,ㄕㄢˋ
墡,ㄕㄢˋ
膳,ㄕㄢˋ
繕,ㄕㄢˋ
鱔,ㄕㄢˋ
墠,ㄕㄢˋ
摲,ㄕㄢˋ
擅,ㄕㄢˋ
嬗,ㄕㄢˋ
贍,ㄕㄢˋ
申,ㄕㄣ
伸,ㄕㄣ
呻,ㄕㄣ
氠,ㄕㄣ
胂,ㄕㄣ
砷,ㄕㄣ
紳,ㄕㄣ
鯓,ㄕㄣ
侁,ㄕㄣ
詵,ㄕㄣ
駪,ㄕㄣ
籸,ㄕㄣ
甡,ㄕㄣ
深,ㄕㄣ
參,ㄘㄢ,ㄕㄣ,ㄘㄣ,ㄙㄢ
蔘,ㄕㄣ,ㄙㄢ
棽,ㄕㄣ
燊,ㄕㄣ
神,ㄕㄣˊ
邥,ㄕㄣˇ
哂,ㄕㄣˇ
矧,ㄕㄣˇ
諗,ㄕㄣˇ
審,ㄕㄣˇ
瀋,ㄕㄣˇ
嬸,ㄕㄣˇ
讅,ㄕㄣˇ
瞫,ㄕㄣˇ
葚,ㄕㄣˋ,ㄖㄣˋ
脤,ㄕㄣˋ
蜃,ㄕㄣˋ
腎,ㄕㄣˋ
滲,ㄕㄣˋ
慎,ㄕㄣˋ
商,ㄕㄤ
蔏,ㄕㄤ
愓,ㄕㄤ
傷,ㄕㄤ
殤,ㄕㄤ
觴,ㄕㄤ
鬺,ㄕㄤ
上,ㄕㄤˋ,ㄕㄤˇ
晌,ㄕㄤˇ
賞,ㄕㄤˇ
尚,ㄕㄤˋ
蠰,ㄕㄤˋ,ㄖㄤˇ
升,ㄕㄥ
昇,ㄕㄥ
陞,ㄕㄥ
生,ㄕㄥ
牲,ㄕㄥ
胜,ㄕㄥ
笙,ㄕㄥ
甥,ㄕㄥ
勝,ㄕㄥˋ,ㄕㄥ
聲,ㄕㄥ
繩,ㄕㄥˊ
冼,ㄕㄥˇ,ㄒㄧㄢˇ,ㄒㄧˇ
眚,ㄕㄥˇ
剩,ㄕㄥˋ
嵊,ㄕㄥˋ
賸,ㄕㄥˋ
聖,ㄕㄥˋ
殳,ㄕㄨ
抒,ㄕㄨ
紓,ㄕㄨ
舒,ㄕㄨ
姝,ㄕㄨ
殊,ㄕㄨ
俞,ㄩˊ,ㄩˋ,ㄕㄨ
毹,ㄩˊ,ㄕㄨ
輸,ㄕㄨ
梳,ㄕㄨ
疏,ㄕㄨ,ㄙㄨ,ㄕㄨˋ
蔬,ㄕㄨ,ㄙㄨ
書,ㄕㄨ
綀,ㄕㄨ
摴,ㄕㄨ
樗,ㄕㄨ
樞,ㄕㄨ
攄,ㄕㄨ
叔,ㄕㄨˊ
淑,ㄕㄨˊ
菽,ㄕㄨˊ
秫,ㄕㄨˊ
孰,ㄕㄨˊ
塾,ㄕㄨˊ
襡,ㄕㄨˊ
贖,ㄕㄨˊ
暑,ㄕㄨˇ
署,ㄕㄨˇ,ㄕㄨˋ
薯,ㄕㄨˇ
糬,ㄕㄨˇ
黍,ㄕㄨˇ
蜀,ㄕㄨˇ
鼠,ㄕㄨˇ
癙,ㄕㄨˇ
數,ㄕㄨˋ,ㄕㄨˇ,ㄕㄨㄛˋ,ㄘㄨˋ,ㄙㄨˋ
戍,ㄕㄨˋ
束,ㄕㄨˋ
漱,ㄕㄨˋ,ㄙㄡˋ
沭,ㄕㄨˋ
述,ㄕㄨˋ
術,ㄕㄨˋ,ㄙㄨㄟˋ
鉥,ㄕㄨˋ
恕,ㄕㄨˋ
庶,ㄕㄨˋ
倏,ㄕㄨˋ
儵,ㄕㄨˋ
尌,ㄕㄨˋ
澍,ㄕㄨˋ
樹,ㄕㄨˋ
裋,ㄕㄨˋ
豎,ㄕㄨˋ
曙,ㄕㄨˋ
腧,ㄕㄨˋ,ㄩˊ
墅,ㄕㄨˋ
籔,ㄕㄨˋ,ㄙㄡˇ
刷,ㄕㄨㄚ,ㄕㄨㄚˋ
耍,ㄕㄨㄚˇ
說,ㄕㄨㄛ,ㄕㄨㄟˋ,ㄩㄝˋ
妁,ㄕㄨㄛˋ
帥,ㄕㄨㄞˋ,ㄕㄨㄛˋ
朔,ㄕㄨㄛˋ
搠,ㄕㄨㄛˋ
嗍,ㄕㄨㄛˋ
槊,ㄕㄨㄛˋ
蒴,ㄕㄨㄛˋ
蟀,ㄕㄨㄞˋ,ㄕㄨㄛˋ
欶,ㄕㄨㄛˋ,ㄙㄡˋ
箾,ㄕㄨㄛˋ
獡,ㄕㄨㄛˋ
爍,ㄕㄨㄛˋ
鑠,ㄕㄨㄛˋ
衰,ㄕㄨㄞ,ㄘㄨㄟ
摔,ㄕㄨㄞ
甩,ㄕㄨㄞˇ
水,ㄕㄨㄟˇ
涗,ㄕㄨㄟˋ
帨,ㄕㄨㄟˋ
稅,ㄕㄨㄟˋ
睡,ㄕㄨㄟˋ
拴,ㄕㄨㄢ
栓,ㄕㄨㄢ
閂,ㄕㄨㄢ
涮,ㄕㄨㄢˋ
吮,ㄕㄨㄣˇ
楯,ㄕㄨㄣˇ
䀢,ㄕㄨㄣˋ
舜,ㄕㄨㄣˋ
蕣,ㄕㄨㄣˋ
瞬,ㄕㄨㄣˋ
順,ㄕㄨㄣˋ
瞚,ㄕㄨㄣˋ
瞤,ㄕㄨㄣˋ
霜,ㄕㄨㄤ
孀,ㄕㄨㄤ
驦,ㄕㄨㄤ
雙,ㄕㄨㄤ,ㄕㄨㄤˋ
䉶,ㄕㄨㄤ
艭,ㄕㄨㄤ
鷞,ㄕㄨㄤ
爽,ㄕㄨㄤˇ
塽,ㄕㄨㄤˇ
入,ㄖㄨˋ,ㄖˋ,ㄖㄨˇ
馹,ㄖˋ
若,ㄖㄨㄛˋ,ㄖㄜˇ
惹,ㄖㄜˇ
熱,ㄖㄜˋ
爇,ㄖㄨㄛˋ,ㄖㄜˋ
嬈,ㄖㄠˊ,ㄖㄠˇ,ㄧㄠˇ
蕘,ㄖㄠˊ
襓,ㄖㄠˊ
蟯,ㄖㄠˊ
饒,ㄖㄠˊ
擾,ㄖㄠˇ
遶,ㄖㄠˋ
繞,ㄖㄠˋ
禸,ㄖㄡˊ
柔,ㄖㄡˊ
揉,ㄖㄡˊ
輮,ㄖㄡˊ
蹂,ㄖㄡˊ
鞣,ㄖㄡˊ
煣,ㄖㄡˊ
糅,ㄖㄡˇ
肉,ㄖㄡˋ,ㄖㄨˋ
呥,ㄖㄢˊ
袡,ㄖㄢˊ
髯,ㄖㄢˊ
然,ㄖㄢˊ
燃,ㄖㄢˊ
冉,ㄖㄢˇ
姌,ㄖㄢˇ
苒,ㄖㄢˇ
染,ㄖㄢˇ
橪,ㄖㄢˇ
人,ㄖㄣˊ
儿,ㄖㄣˊ
壬,ㄖㄣˊ
任,ㄖㄣˋ,ㄖㄣˊ
妊,ㄖㄣˋ,ㄖㄣˊ
紝,ㄖㄣˋ,ㄖㄣˊ
鵀,ㄖㄣˊ
仁,ㄖㄣˊ
忍,ㄖㄣˇ
荵,ㄖㄣˇ
荏,ㄖㄣˇ
腍,ㄖㄣˇ
稔,ㄖㄣˇ
刃,ㄖㄣˋ
仞,ㄖㄣˋ
牣,ㄖㄣˋ
肕,ㄖㄣˋ
紉,ㄖㄣˋ
訒,ㄖㄣˋ
軔,ㄖㄣˋ
韌,ㄖㄣˋ
認,ㄖㄣˋ
衽,ㄖㄣˋ
飪,ㄖㄣˋ
嚷,ㄖㄤˇ,ㄖㄤ
儴,ㄖㄤˊ
瀼,ㄖㄤˊ,ㄖㄤˋ
攘,ㄖㄤˇ,ㄖㄤˊ
蘘,ㄖㄤˊ
瓤,ㄖㄤˊ
禳,ㄖㄤˊ
穰,ㄖㄤˊ,ㄖㄤˇ
壤,ㄖㄤˇ
躟,ㄖㄤˇ
懹,ㄖㄤˋ
讓,ㄖㄤˋ
扔,ㄖㄥ,ㄖㄥˇ,ㄖㄥˊ,ㄖㄥˋ
仍,ㄖㄥˊ
礽,ㄖㄥˊ
陾,ㄖㄥˊ
如,ㄖㄨˊ
侞,ㄖㄨˊ
帤,ㄖㄨˊ
茹,ㄖㄨˊ,ㄖㄨˋ
挐,ㄖㄨˊ,ㄋㄚˊ
袽,ㄖㄨˊ
蒘,ㄖㄨˊ
銣,ㄖㄨˊ
鴽,ㄖㄨˊ
儒,ㄖㄨˊ
濡,ㄖㄨˊ
嚅,ㄖㄨˊ
嬬,ㄖㄨˊ
孺,ㄖㄨˊ
薷,ㄖㄨˊ
襦,ㄖㄨˊ
蠕,ㄖㄨㄢˇ,ㄖㄨˊ
醹,ㄖㄨˊ
顬,ㄖㄨˊ
䰰,ㄖㄨˊ
汝,ㄖㄨˇ
乳,ㄖㄨˇ
辱,ㄖㄨˋ,ㄖㄨˇ
洳,ㄖㄨˋ
溽,ㄖㄨˋ
鄏,ㄖㄨˋ
蓐,ㄖㄨˋ
褥,ㄖㄨˋ
縟,ㄖㄨˋ
擩,ㄖㄨˋ
叒,ㄖㄨㄛˋ
偌,ㄖㄨㄛˋ
渃,ㄖㄨㄛˋ
鄀,ㄖㄨㄛˋ
弱,ㄖㄨㄛˋ
蒻,ㄖㄨㄛˋ
篛,ㄖㄨㄛˋ
蕤,ㄖㄨㄟˊ
緌,ㄖㄨㄟˊ
桵,ㄖㄨㄟˇ
橤,ㄖㄨㄟˇ
蕊,ㄖㄨㄟˇ
繠,ㄖㄨㄟˇ
汭,ㄖㄨㄟˋ
枘,ㄖㄨㄟˋ
芮,ㄖㄨㄟˋ
蚋,ㄖㄨㄟˋ
蜹,ㄖㄨㄟˋ
瑞,ㄖㄨㄟˋ
睿,ㄖㄨㄟˋ
叡,ㄖㄨㄟˋ
銳,ㄖㄨㄟˋ
堧,ㄖㄨㄢˊ
撋,ㄖㄨㄢˊ
阮,ㄖㄨㄢˇ
耎,ㄖㄨㄢˇ
蝡,ㄖㄨㄢˇ
軟,ㄖㄨㄢˇ
瓀,ㄖㄨㄢˇ
犉,ㄖㄨㄣˊ
閏,ㄖㄨㄣˋ
潤,ㄖㄨㄣˋ
戎,ㄖㄨㄥˊ
狨,ㄖㄨㄥˊ
茙,ㄖㄨㄥˊ
毧,ㄖㄨㄥˊ
羢,ㄖㄨㄥˊ
絨,ㄖㄨㄥˊ
肜,ㄖㄨㄥˊ
容,ㄖㄨㄥˊ
溶,ㄖㄨㄥˊ
熔,ㄖㄨㄥˊ
瑢,ㄖㄨㄥˊ
榕,ㄖㄨㄥˊ
蓉,ㄖㄨㄥˊ
鎔,ㄖㄨㄥˊ
鰫,ㄖㄨㄥˊ
茸,ㄖㄨㄥˊ,ㄖㄨㄥˇ
髶,ㄖㄨㄥˊ
頌,ㄙㄨㄥˋ,ㄖㄨㄥˊ
榮,ㄖㄨㄥˊ
蠑,ㄖㄨㄥˊ
融,ㄖㄨㄥˊ
冗,ㄖㄨㄥˇ
氄,ㄖㄨㄥˇ
仔,ㄗ,ㄗㄞˇ,ㄗˇ
孖,ㄗ
孜,ㄗ
次,ㄘˋ,ㄗ
咨,ㄗ
姿,ㄗ
恣,ㄗˋ,ㄗ,ㄘ
粢,ㄗ
資,ㄗ
趑,ㄗ
諮,ㄗ
甾,ㄗ,ㄗㄞ
淄,ㄗ
椔,ㄗ
菑,ㄗ,ㄗㄞ
緇,ㄗ
輜,ㄗ
錙,ㄗ
鯔,ㄗ
茲,ㄗ,ㄘˊ
滋,ㄗ
孳,ㄗ,ㄗˋ
嗞,ㄗ
嵫,ㄗ
鎡,ㄗ
訾,ㄗ,ㄗˇ
貲,ㄗ
觜,ㄗ,ㄗㄨㄟˇ
髭,ㄗ
齜,ㄗ
齍,ㄗ
鼒,ㄗ
子,ㄗˇ,˙ㄗ
籽,ㄗˇ
耔,ㄗˇ
胏,ㄗˇ
秭,ㄗˇ
笫,ㄗˇ
呰,ㄗˇ
紫,ㄗˇ
訿,ㄗˇ
梓,ㄗˇ
滓,ㄗˇ
字,ㄗˋ
牸,ㄗˋ
自,ㄗˋ
剚,ㄗˋ
倳,ㄗˋ
眥,ㄗˋ
胔,ㄗˋ
胾,ㄗˋ
漬,ㄗˋ
髊,ㄘ,ㄘㄨㄛ,ㄗˋ
匝,ㄗㄚ
咂,ㄗㄚ
臢,ㄗㄤ,ㄗㄚ
拶,ㄗㄚˊ,ㄗㄢˇ
咱,ㄗㄢˊ,ㄗㄚˊ
砸,ㄗㄚˊ
偺,ㄗㄢˊ,ㄗㄚˊ
喒,ㄗㄢˊ,ㄗㄚˊ
磼,ㄗㄚˊ
雜,ㄗㄚˊ
雥,ㄗㄚˊ
岝,ㄗㄜˊ
柞,ㄗㄨㄛˋ,ㄗㄜˊ
迮,ㄗㄜˊ,ㄗㄨㄛˋ
舴,ㄗㄜˊ
則,ㄗㄜˊ
萴,ㄗㄜˊ
鰂,ㄗㄜˊ
嘖,ㄗㄜˊ
幘,ㄗㄜˊ
簀,ㄗㄜˊ
賾,ㄗㄜˊ
賊,ㄗㄟˊ,ㄗㄜˊ
澤,ㄗㄜˊ
齰,ㄗㄜˊ
怎,ㄗㄣˇ,ㄗㄜˇ
仄,ㄗㄜˋ
庂,ㄗㄜˋ
昃,ㄗㄜˋ
夨,ㄗㄜˋ
側,ㄘㄜˋ,ㄗㄜˋ
崱,ㄗㄜˋ
災,ㄗㄞ
哉,ㄗㄞ
栽,ㄗㄞ
宰,ㄗㄞˇ
崽,ㄗㄞˇ
載,ㄗㄞˋ,ㄗㄞˇ
再,ㄗㄞˋ
在,ㄗㄞˋ
饡,ㄗㄞˋ
遭,ㄗㄠ
糟,ㄗㄠ
蹧,ㄗㄠ
鑿,ㄗㄨㄛˋ,ㄗㄠˊ
早,ㄗㄠˇ
蚤,ㄗㄠˇ
棗,ㄗㄠˇ
澡,ㄗㄠˇ
璪,ㄗㄠˇ
繰,ㄗㄠˇ,ㄙㄠ
藻,ㄗㄠˇ
灶,ㄗㄠˋ
皁,ㄗㄠˋ
皂,ㄗㄠˋ
唕,ㄗㄠˋ
造,ㄗㄠˋ,ㄘㄠˋ
慥,ㄗㄠˋ,ㄘㄠˋ
漕,ㄘㄠˊ,ㄗㄠˋ
噪,ㄗㄠˋ
燥,ㄗㄠˋ,ㄙㄠˋ
氉,ㄗㄠˋ
譟,ㄗㄠˋ
趮,ㄗㄠˋ
躁,ㄗㄠˋ
郰,ㄗㄡ
掫,ㄗㄡ
陬,ㄗㄡ
棸,ㄗㄡ
棷,ㄗㄡ
菆,ㄗㄡ
緅,ㄗㄡ
諏,ㄗㄡ
鄹,ㄗㄡ
鯫,ㄗㄡ
齱,ㄗㄡ
鄒,ㄗㄡ
謅,ㄗㄡ
騶,ㄗㄡ
齺,ㄗㄡ
走,ㄗㄡˇ
奏,ㄗㄡˋ
揍,ㄗㄡˋ
驟,ㄗㄡˋ
簪,ㄗㄢ,ㄗㄣ
鐕,ㄗㄢ
篸,ㄘㄣ,ㄗㄢ,ㄗㄢˋ
糌,ㄗㄢˊ
昝,ㄗㄢˇ
寁,ㄗㄢˇ
噆,ㄗㄢˇ
儹,ㄗㄢˇ
攢,ㄗㄢˇ,ㄘㄨㄢˊ
趲,ㄗㄢˇ
䰖,ㄗㄨㄢˇ,ㄗㄢˇ
鏨,ㄗㄢˋ
贊,ㄗㄢˋ
囋,ㄗㄢˋ
酇,ㄗㄢˋ
瓚,ㄗㄢˋ
讚,ㄗㄢˋ
譖,ㄗㄣˋ
牂,ㄗㄤ
臧,ㄗㄤ
贓,ㄗㄤ
髒,ㄗㄤ,ㄗㄤˇ
駔,ㄗㄤˇ,ㄗㄨˋ,ㄘㄤˇ
葬,ㄗㄤˋ
藏,ㄘㄤˊ,ㄗㄤˋ
臟,ㄗㄤˋ
曾,ㄗㄥ,ㄘㄥˊ
憎,ㄗㄥ
增,ㄗㄥ
橧,ㄗㄥ
罾,ㄗㄥ,ㄗㄥˋ
矰,ㄗㄥ
繒,ㄗㄥ,ㄗㄥˋ
甑,ㄗㄥˋ
贈,ㄗㄥˋ
租,ㄗㄨ
蒩,ㄗㄨ
哫,ㄗㄨˊ
卒,ㄗㄨˊ,ㄘㄨˋ
捽,ㄗㄨˊ,ㄗㄨㄛˊ
崒,ㄗㄨˊ
踤,ㄗㄨˊ
嗾,ㄙㄡˇ,ㄗㄨˊ
鏃,ㄗㄨˊ,ㄘㄨˋ
阻,ㄗㄨˇ
俎,ㄗㄨˇ
祖,ㄗㄨˇ
組,ㄗㄨˇ
詛,ㄗㄨˇ
作,ㄗㄨㄛˋ,ㄗㄨㄛ,ㄗㄨㄛˊ
昨,ㄗㄨㄛˊ
筰,ㄗㄨㄛˊ
撮,ㄘㄨㄛ,ㄘㄨㄛˋ,ㄗㄨㄛˊ,ㄗㄨㄛˇ,ㄗㄨㄟˋ
左,ㄗㄨㄛˇ
佐,ㄗㄨㄛˇ
怍,ㄗㄨㄛˋ
阼,ㄗㄨㄛˋ
胙,ㄗㄨㄛˋ
祚,ㄗㄨㄛˋ
酢,ㄗㄨㄛˋ,ㄘㄨˋ
葄,ㄗㄨㄛˋ
坐,ㄗㄨㄛˋ
座,ㄗㄨㄛˋ
做,ㄗㄨㄛˋ
醋,ㄘㄨˋ,ㄗㄨㄛˋ
脧,ㄗㄨㄟ
羧,ㄗㄨㄟ
嘴,ㄗㄨㄟˇ
嶊,ㄗㄨㄟˇ
最,ㄗㄨㄟˋ
蕞,ㄗㄨㄟˋ
晬,ㄗㄨㄟˋ
醉,ㄗㄨㄟˋ
罪,ㄗㄨㄟˋ
檇,ㄗㄨㄟˋ
躦,ㄗㄨㄢ
鑽,ㄗㄨㄢ,ㄗㄨㄢˇ,ㄗㄨㄢˋ
纂,ㄗㄨㄢˇ
纘,ㄗㄨㄢˇ
攥,ㄗㄨㄢˋ
尊,ㄗㄨㄣ
嶟,ㄗㄨㄣ
遵,ㄗㄨㄣ
樽,ㄗㄨㄣ
繜,ㄗㄨㄣ,ㄗㄨㄣˇ
鐏,ㄗㄨㄣ
僔,ㄗㄨㄣˇ
撙,ㄗㄨㄣˇ
噂,ㄗㄨㄣˇ
捘,ㄗㄨㄣˋ
鱒,ㄗㄨㄣˋ
宗,ㄗㄨㄥ
倧,ㄗㄨㄥ
棕,ㄗㄨㄥ
鬃,ㄗㄨㄥ
從,ㄘㄨㄥˊ,ㄗㄨㄥˋ,ㄘㄨㄥ,ㄗㄨㄥ
嵷,ㄗㄨㄥ
縱,ㄗㄨㄥˋ,ㄗㄨㄥ,ㄗㄨㄥˇ
豵,ㄗㄨㄥ
蹤,ㄗㄨㄥ
惾,ㄗㄨㄥ
鬷,ㄗㄨㄥ
鬉,ㄗㄨㄥ
騣,ㄗㄨㄥ
緫,ㄗㄨㄥ,ㄘㄨㄥ,ㄗㄨㄥˇ
傯,ㄗㄨㄥˇ
憁,ㄗㄨㄥˇ
摠,ㄗㄨㄥˇ
總,ㄗㄨㄥˇ
瘲,ㄗㄨㄥˋ
綜,ㄗㄨㄥˋ
呲,ㄘ
疵,ㄘ,ㄘˊ
跐,ㄘˇ,ㄘㄞˇ,ㄘ
雌,ㄘ,ㄘˊ
骴,ㄘ
祠,ㄘˊ
詞,ㄘˊ
茨,ㄘˊ
瓷,ㄘˊ
餈,ㄘˊ
慈,ㄘˊ
磁,ㄘˊ
鶿,ㄘˊ
辭,ㄘˊ
此,ㄘˇ
佌,ㄘˇ
泚,ㄘˇ
玼,ㄘˇ
佽,ㄘˋ
朿,ㄘˋ
刺,ㄘˋ
莿,ㄘˋ
伺,ㄙˋ,ㄘˋ
廁,ㄘˋ,ㄘㄜˋ,ㄙˋ
蛓,ㄘˋ
賜,ㄙˋ,ㄘˋ
擦,ㄘㄚ
礤,ㄘㄚˇ
囃,ㄘㄚˋ
畟,ㄘㄜˋ
測,ㄘㄜˋ
惻,ㄘㄜˋ
策,ㄘㄜˋ
筴,ㄘㄜˋ
簎,ㄘㄜˋ
猜,ㄘㄞ
才,ㄘㄞˊ
材,ㄘㄞˊ
財,ㄘㄞˊ
裁,ㄘㄞˊ
纔,ㄘㄞˊ
采,ㄘㄞˇ,ㄘㄞˋ
寀,ㄘㄞˇ
採,ㄘㄞˇ
彩,ㄘㄞˇ
睬,ㄘㄞˇ
綵,ㄘㄞˇ
踩,ㄘㄞˇ
跴,ㄘㄞˇ
菜,ㄘㄞˋ
蔡,ㄘㄞˋ,ㄙㄚˋ
縩,ㄘㄞˋ
操,ㄘㄠ,ㄘㄠˋ
糙,ㄘㄠ,ㄘㄠˋ
曹,ㄘㄠˊ
嘈,ㄘㄠˊ
槽,ㄘㄠˊ
螬,ㄘㄠˊ
艸,ㄘㄠˇ
草,ㄘㄠˇ
騲,ㄘㄠˇ
慅,ㄙㄠ,ㄘㄠˇ
懆,ㄘㄠˇ
肏,ㄘㄠˋ
湊,ㄘㄡˋ
楱,ㄘㄡˋ
腠,ㄘㄡˋ
輳,ㄘㄡˋ
驂,ㄘㄢ
餐,ㄘㄢ
殘,ㄘㄢˊ
慚,ㄘㄢˊ
蠶,ㄘㄢˊ
慘,ㄘㄢˇ
黲,ㄘㄢˇ
憯,ㄘㄢˇ
粲,ㄘㄢˋ
燦,ㄘㄢˋ
璨,ㄘㄢˋ
嵾,ㄘㄣ
岑,ㄘㄣˊ
涔,ㄘㄣˊ
倉,ㄘㄤ
滄,ㄘㄤ
蒼,ㄘㄤ
艙,ㄘㄤ
鶬,ㄘㄤ
鄫,ㄘㄥˊ
嶒,ㄘㄥˊ
層,ㄘㄥˊ
蹭,ㄘㄥˋ
粗,ㄘㄨ
觕,ㄘㄨ
麤,ㄘㄨ
徂,ㄘㄨˊ
殂,ㄘㄨˊ
猝,ㄘㄨˋ
促,ㄘㄨˋ
槭,ㄘㄨˋ
蹙,ㄘㄨˋ
顣,ㄘㄨˋ
憱,ㄘㄨˋ
蹴,ㄘㄨˋ
錯,ㄘㄨㄛˋ,ㄘㄨˋ
蔟,ㄘㄨˋ
瘯,ㄘㄨˋ
簇,ㄘㄨˋ
踧,ㄘㄨˋ
搓,ㄘㄨㄛ
瑳,ㄘㄨㄛ,ㄘㄨㄛˇ
磋,ㄘㄨㄛ
蹉,ㄘㄨㄛ
莏,ㄙㄨㄛ,ㄘㄨㄛ
遳,ㄘㄨㄛ
痤,ㄘㄨㄛˊ
矬,ㄘㄨㄛˊ
嵯,ㄘㄨㄛˊ
鹺,ㄘㄨㄛˊ
脞,ㄘㄨㄛˇ
剒,ㄘㄨㄛˋ
厝,ㄘㄨㄛˋ
措,ㄘㄨㄛˋ
剉,ㄘㄨㄛˋ
挫,ㄘㄨㄛˋ
莝,ㄘㄨㄛˋ
蓌,ㄘㄨㄛˋ
銼,ㄘㄨㄛˋ
夊,ㄙㄨㄟ,ㄘㄨㄟ
榱,ㄘㄨㄟ
縗,ㄘㄨㄟ
崔,ㄘㄨㄟ
催,ㄘㄨㄟ
摧,ㄘㄨㄟ
獕,ㄘㄨㄟ
磪,ㄘㄨㄟ
漼,ㄘㄨㄟˇ
璀,ㄘㄨㄟˇ
趡,ㄘㄨㄟˇ
鏙,ㄘㄨㄟˇ
倅,ㄘㄨㄟˋ
淬,ㄘㄨㄟˋ
悴,ㄘㄨㄟˋ
焠,ㄘㄨㄟˋ
萃,ㄘㄨㄟˋ
脺,ㄘㄨㄟˋ
瘁,ㄘㄨㄟˋ
粹,ㄘㄨㄟˋ
翠,ㄘㄨㄟˋ
綷,ㄘㄨㄟˋ
膵,ㄘㄨㄟˋ
脆,ㄘㄨㄟˋ
毳,ㄘㄨㄟˋ
膬,ㄘㄨㄟˋ
竁,ㄘㄨㄟˋ
攛,ㄘㄨㄢ
躥,ㄘㄨㄢ
鑹,ㄘㄨㄢˋ,ㄘㄨㄢ
巑,ㄘㄨㄢˊ
欑,ㄘㄨㄢˊ
篡,ㄘㄨㄢˋ
竄,ㄘㄨㄢˋ
爨,ㄘㄨㄢˋ
村,ㄘㄨㄣ
皴,ㄘㄨㄣ
存,ㄘㄨㄣˊ
刌,ㄘㄨㄣˇ
忖,ㄘㄨㄣˇ
寸,ㄘㄨㄣˋ
吋,ㄘㄨㄣˋ
匆,ㄘㄨㄥ
璁,ㄘㄨㄥ
蔥,ㄘㄨㄥ
聰,ㄘㄨㄥ
驄,ㄘㄨㄥ
瑽,ㄘㄨㄥ
樅,ㄘㄨㄥ
蓯,ㄘㄨㄥ
鏦,ㄘㄨㄥ
叢,ㄘㄨㄥˊ,ㄘㄨㄥ
淙,ㄘㄨㄥˊ
悰,ㄘㄨㄥˊ
琮,ㄘㄨㄥˊ
賨,ㄘㄨㄥˊ
藂,ㄘㄨㄥˊ
謥,ㄘㄨㄥˋ
厶,ㄙ
私,ㄙ
司,ㄙ
思,ㄙ,ㄙˋ,ㄙㄞ
偲,ㄙ,ㄙㄞ
罳,ㄙ
緦,ㄙ
鍶,ㄙ
颸,ㄙ
虒,ㄙ
斯,ㄙ
凘,ㄙ
澌,ㄙ
廝,ㄙ
嘶,ㄙ
絲,ㄙ
鷥,ㄙ
蜤,ㄙ
螄,ㄙ
死,ㄙˇ
巳,ㄙˋ
汜,ㄙˋ
祀,ㄙˋ
四,ㄙˋ
泗,ㄙˋ
怬,ㄙˋ
柶,ㄙˋ
駟,ㄙˋ
寺,ㄙˋ
兕,ㄙˋ
似,ㄙˋ
姒,ㄙˋ
笥,ㄙˋ
嗣,ㄙˋ
飼,ㄙˋ
涘,ㄙˋ
耜,ㄙˋ
肆,ㄙˋ
儩,ㄙˋ
三,ㄙㄢ,ㄙㄚ,ㄙㄢˋ
仨,ㄙㄚ
撒,ㄙㄚ,ㄙㄚˇ
灑,ㄙㄚˇ
卅,ㄙㄚˋ
颯,ㄙㄚˋ
薩,ㄙㄚˋ
躠,ㄙㄚˋ
銫,ㄙㄜˋ
塞,ㄙㄜˋ,ㄙㄟ,ㄙㄞˋ,ㄙㄞ
瑟,ㄙㄜˋ
璱,ㄙㄜˋ
飋,ㄙㄜˋ
嗇,ㄙㄜˋ
濇,ㄙㄜˋ
穡,ㄙㄜˋ
轖,ㄙㄜˋ
澀,ㄙㄜˋ
毸,ㄙㄞ
腮,ㄙㄞ
㘔,ㄙㄞ,ㄙㄞˊ
賽,ㄙㄞˋ
簺,ㄙㄞˋ
溞,ㄙㄠ
搔,ㄙㄠ
瘙,ㄙㄠ
騷,ㄙㄠ
艘,ㄙㄠ,ㄙㄡ
臊,ㄙㄠ,ㄙㄠˋ
繅,ㄙㄠ
掃,ㄙㄠˇ,ㄙㄠˋ
嫂,ㄙㄠˇ
叟,ㄙㄡˇ,ㄙㄡ
溲,ㄙㄡ
廋,ㄙㄡ
搜,ㄙㄡ
嗖,ㄙㄡ
螋,ㄙㄡ
鎪,ㄙㄡ
餿,ㄙㄡ
颼,ㄙㄡ
蒐,ㄙㄡ
瞍,ㄙㄡˇ
擻,ㄙㄡˇ,ㄙㄡˋ
藪,ㄙㄡˇ
嗽,ㄙㄡˋ
参,ㄙㄢ
毿,ㄙㄢ
鬖,ㄙㄢ
散,ㄙㄢˋ,ㄙㄢˇ
繖,ㄙㄢˇ
饊,ㄙㄢˇ
傘,ㄙㄢˇ
槮,ㄙㄣ,ㄙㄢˇ
糝,ㄙㄢˇ
森,ㄙㄣ
桑,ㄙㄤ
喪,ㄙㄤ,ㄙㄤˋ
搡,ㄙㄤˇ
嗓,ㄙㄤˇ
磉,ㄙㄤˇ
顙,ㄙㄤˇ
僧,ㄙㄥ
鬙,ㄙㄥ
甦,ㄙㄨ
酥,ㄙㄨ
穌,ㄙㄨ
蘇,ㄙㄨ
囌,ㄙㄨ
俗,ㄙㄨˊ
夙,ㄙㄨˋ
泝,ㄙㄨˋ
訴,ㄙㄨˋ
涑,ㄙㄨˋ
速,ㄙㄨˋ
觫,ㄙㄨˋ
樕,ㄙㄨˋ
遬,ㄙㄨˋ
蔌,ㄙㄨˋ
𦌊,ㄙㄨˋ
餗,ㄙㄨˋ
簌,ㄙㄨˋ
素,ㄙㄨˋ
傃,ㄙㄨˋ
愫,ㄙㄨˋ
嗉,ㄙㄨˋ
膆,ㄙㄨˋ
蓿,ㄙㄨˋ
縮,ㄙㄨㄛ,ㄙㄨˋ
蹜,ㄙㄨˋ
粟,ㄙㄨˋ
憟,ㄙㄨˋ
肅,ㄙㄨˋ
橚,ㄙㄨˋ
驌,ㄙㄨˋ
鷫,ㄙㄨˋ
溯,ㄙㄨˋ
塑,ㄙㄨˋ
愬,ㄙㄨˋ
窣,ㄙㄨˋ
謖,ㄙㄨˋ
娑,ㄙㄨㄛ
桫,ㄙㄨㄛ
髿,ㄙㄨㄛ
唆,ㄙㄨㄛ
梭,ㄙㄨㄛ
鮻,ㄙㄨㄛ
傞,ㄙㄨㄛ
嗦,ㄙㄨㄛ
蓑,ㄙㄨㄛ
簑,ㄙㄨㄛ
索,ㄙㄨㄛˇ,ㄙㄨㄛˊ
所,ㄙㄨㄛˇ
惢,ㄙㄨㄛˇ
嗩,ㄙㄨㄛˇ
瑣,ㄙㄨㄛˇ
鎖,ㄙㄨㄛˇ
璅,ㄙㄨㄛˇ
荽,ㄙㄨㄟ
綏,ㄙㄨㄟ,ㄙㄨㄟˊ
眭,ㄙㄨㄟ
睢,ㄙㄨㄟ
雖,ㄙㄨㄟ,ㄙㄨㄟˊ
隋,ㄙㄨㄟˊ
隨,ㄙㄨㄟˊ
遂,ㄙㄨㄟˋ,ㄙㄨㄟˊ
瀡,ㄙㄨㄟˇ
髓,ㄙㄨㄟˇ
祟,ㄙㄨㄟˋ
隧,ㄙㄨㄟˋ
燧,ㄙㄨㄟˋ
璲,ㄙㄨㄟˋ
檖,ㄙㄨㄟˋ
邃,ㄙㄨㄟˋ
穟,ㄙㄨㄟˋ
旞,ㄙㄨㄟˋ
襚,ㄙㄨㄟˋ
繸,ㄙㄨㄟˋ
碎,ㄙㄨㄟˋ
睟,ㄙㄨㄟˋ
誶,ㄙㄨㄟˋ
歲,ㄙㄨㄟˋ
穗,ㄙㄨㄟˋ
繐,ㄙㄨㄟˋ
狻,ㄙㄨㄢ
痠,ㄙㄨㄢ
酸,ㄙㄨㄢ
匴,ㄙㄨㄢˇ
筭,ㄙㄨㄢˋ
蒜,ㄙㄨㄢˋ
算,ㄙㄨㄢˋ
搎,ㄙㄨㄣ
猻,ㄙㄨㄣ
蓀,ㄙㄨㄣ
飧,ㄙㄨㄣ
薞,ㄙㄨㄣ
筍,ㄙㄨㄣˇ
損,ㄙㄨㄣˇ
榫,ㄙㄨㄣˇ
簨,ㄙㄨㄣˇ
松,ㄙㄨㄥ
凇,ㄙㄨㄥ
淞,ㄙㄨㄥ
崧,ㄙㄨㄥ
菘,ㄙㄨㄥ
蜙,ㄙㄨㄥ
鬆,ㄙㄨㄥ
娀,ㄙㄨㄥ
嵩,ㄙㄨㄥ
悚,ㄙㄨㄥˇ,ㄙㄨㄥˊ
㞞,ㄙㄨㄥˊ
竦,ㄙㄨㄥˇ
駷,ㄙㄨㄥˇ
愯,ㄙㄨㄥˇ
㩳,ㄙㄨㄥˇ
傱,ㄙㄨㄥˇ
慫,ㄙㄨㄥˇ
宋,ㄙㄨㄥˋ
送,ㄙㄨㄥˋ
訟,ㄙㄨㄥˋ
誦,ㄙㄨㄥˋ
阿,ㄜ,ㄚ,ㄚˋ
啊,ㄚ,ㄛ,˙ㄚ
錒,ㄚ
腌,ㄤ,ㄚ,ㄧㄢ
喔,ㄨㄛˋ,ㄨ,ㄛ
哦,ㄜˊ,ㄛˊ
妸,ㄜ,ㄜˇ
屙,ㄜ
婀,ㄜ,ㄜˇ
峉,ㄜ
吪,ㄜˊ
囮,ㄜˊ,ㄧㄡˊ
訛,ㄜˊ
俄,ㄜˊ
峨,ㄜˊ
娥,ㄜˊ
莪,ㄜˊ
硪,ㄜˊ,ㄜˇ
睋,ㄜˊ
蛾,ㄜˊ,ㄧˇ
鋨,ㄜˊ
鵝,ㄜˊ
頟,ㄜˊ
額,ㄜˊ,ㄜˋ
我,ㄨㄛˇ,ㄜˇ
騀,ㄜˇ
猗,ㄧ,ㄧˇ,ㄜˇ
婐,ㄜˇ
惡,ㄜˋ,ㄜˇ,ㄨˋ,ㄨ
噁,ㄜˇ
厄,ㄜˋ
扼,ㄜˋ
呃,ㄜˋ
阨,ㄜˋ,ㄞˋ
砈,ㄜˋ
軛,ㄜˋ
屵,ㄜˋ
戹,ㄜˋ
呝,ㄜˋ
岋,ㄜˋ
砐,ㄜˋ
咢,ㄜˋ
愕,ㄜˋ
堮,ㄜˋ
鄂,ㄜˋ
崿,ㄜˋ
萼,ㄜˋ
諤,ㄜˋ
鍔,ㄜˋ
顎,ㄜˋ
鶚,ㄜˋ
齶,ㄜˋ
餓,ㄜˋ
唈,ㄧˋ,ㄜˋ
堊,ㄜˋ
啞,ㄧㄚˇ,ㄧㄚ,ㄜˋ
㔩,ㄜˋ
詻,ㄜˋ
搤,ㄜˋ
隘,ㄞˋ,ㄜˋ
遏,ㄜˋ
頞,ㄜˋ
噩,ㄜˋ
蘁,ㄜˋ,ㄨˋ
鱷,ㄜˋ
閼,ㄜˋ,ㄧㄢ,ㄩˋ
遻,ㄜˋ,ㄨˋ
餩,ㄜˋ
哀,ㄞ
哎,ㄞ
埃,ㄞ
挨,ㄞ,ㄞˊ
唉,ㄞ
欸,ㄞˇ,ㄞ,ㄟˋ
騃,ㄞˊ
堐,ㄞˊ
捱,ㄞˊ
敳,ㄞˊ
磑,ㄨㄟˋ,ㄞˊ
皚,ㄞˊ
癌,ㄧㄢˊ,ㄞˊ
毐,ㄞˇ
佁,ㄞˇ
矮,ㄞˇ
噯,ㄞˇ,ㄞˋ
藹,ㄞˇ
靄,ㄞˇ
乂,ㄧˋ,ㄞˋ
艾,ㄞˋ,ㄧˋ
嗌,ㄧˋ,ㄞˋ
愛,ㄞˋ
僾,ㄞˋ
嬡,ㄞˋ
璦,ㄞˋ
薆,ㄞˋ
曖,ㄞˋ
鑀,ㄞˋ
靉,ㄞˋ
餲,ㄞˋ
礙,ㄞˋ
幺,ㄠ,ㄧㄠ
凹,ㄠ,ㄧㄠ,ㄨㄚ,ㄨㄚˋ
坳,ㄠ,ㄠˋ
熬,ㄠˊ,ㄠ
敖,ㄠˊ,ㄠˋ
廒,ㄠˊ
嗷,ㄠˊ
璈,ㄠˊ
遨,ㄠˊ
獒,ㄠˊ
聱,ㄠˊ
螯,ㄠˊ
謷,ㄠˊ,ㄠˋ
鏊,ㄠˊ,ㄠˋ
驁,ㄠˊ,ㄠˋ
鰲,ㄠˊ
鼇,ㄠˊ
翱,ㄠˊ
爊,ㄠˊ
鏖,ㄠˊ
夭,ㄧㄠ,ㄧㄠˇ,ㄠˇ
媼,ㄠˇ
蝹,ㄩㄣ,ㄠˇ
襖,ㄠˇ
傲,ㄠˋ
奡,ㄠˋ
奧,ㄠˋ,ㄩˋ
澳,ㄠˋ,ㄩˋ
懊,ㄠˋ
嶴,ㄠˋ
隩,ㄩˋ,ㄠˋ
燠,ㄩˋ,ㄠˋ
鐭,ㄠˋ
漚,ㄡˋ,ㄡ
熰,ㄡ
歐,ㄡ,ㄡˇ
毆,ㄡ
蓲,ㄡ
甌,ㄡ
謳,ㄡ
鷗,ㄡ
齵,ㄩˊ,ㄡˊ
偶,ㄡˇ
耦,ㄡˇ
蕅,ㄡˇ
藕,ㄡˇ
安,ㄢ
氨,ㄢ
胺,ㄢ
銨,ㄢ
鞍,ㄢ
庵,ㄢ
菴,ㄢ,ㄢˋ
鵪,ㄢ
陰,ㄧㄣ,ㄧㄣˋ,ㄢ
媕,ㄢ,ㄧㄢˇ
腤,ㄢ
諳,ㄢ
闇,ㄢˋ,ㄢ
盦,ㄢ
啽,ㄢˊ
匼,ㄢˇ
俺,ㄢˇ,ㄧㄢˋ
唵,ㄢˇ
晻,ㄢˇ,ㄢˋ,ㄧㄢˇ
揞,ㄢˇ
黭,ㄢˇ
岸,ㄢˋ
按,ㄢˋ
案,ㄢˋ
桉,ㄢˋ
鮟,ㄢˋ
暗,ㄢˋ
韽,ㄢˋ
黯,ㄢˋ
恩,ㄣ
摁,ㄣˋ
嗯,˙ㄣ
卬,ㄤˊ,ㄧㄤˇ
昂,ㄤˊ
枊,ㄤˋ
盎,ㄤˋ
鞥,ㄥ
而,ㄦˊ
洏,ㄦˊ
耏,ㄦˊ
栭,ㄦˊ
胹,ㄦˊ
輀,ㄦˊ
鮞,ㄦˊ
唲,ㄦˊ
耳,ㄦˇ
洱,ㄦˇ
珥,ㄦˇ
鉺,ㄦˇ,ㄦˋ
餌,ㄦˇ
駬,ㄦˇ
爾,ㄦˇ
邇,ㄦˇ
二,ㄦˋ
貳,ㄦˋ
樲,ㄦˋ
刵,ㄦˋ
佴,ㄦˋ
咡,ㄦˋ
衈,ㄦˋ
一,ㄧ
衣,ㄧ,ㄧˋ
依,ㄧ
銥,ㄧ
伊,ㄧ
咿,ㄧ
蛜,ㄧ
殹,ㄧ
嫛,ㄧ
瑿,ㄧ
翳,ㄧˋ,ㄧ
繄,ㄧ
醫,ㄧ
毉,ㄧ
鷖,ㄧ
黳,ㄧ
椅,ㄧˇ,ㄧ
欹,ㄧ
漪,ㄧ
壹,ㄧ
郼,ㄧ
禕,ㄧ
溰,ㄧ
噫,ㄧˋ,ㄧ
黟,ㄧ
匜,ㄧˊ
迆,ㄧˇ,ㄧˊ
迤,ㄧˊ,ㄧˇ
衪,ㄧˊ
訑,ㄧˊ
酏,ㄧˊ
貤,ㄧˊ
椸,ㄧˊ
怡,ㄧˊ
詒,ㄧˊ
貽,ㄧˊ
飴,ㄧˊ
圯,ㄧˊ
夷,ㄧˊ
侇,ㄧˊ
洟,ㄧˊ
咦,ㄧˊ
姨,ㄧˊ
桋,ㄧˊ
胰,ㄧˊ
痍,ㄧˊ
沂,ㄧˊ
宜,ㄧˊ
誼,ㄧˋ,ㄧˊ
狋,ㄧˊ
益,ㄧˋ,ㄧˊ
宧,ㄧˊ
頤,ㄧˊ
栘,ㄧˊ
迻,ㄧˊ
扅,ㄧˊ
移,ㄧˊ
簃,ㄧˊ
謻,ㄧˊ
疑,ㄧˊ
儀,ㄧˊ
鸃,ㄧˊ
遺,ㄧˊ,ㄨㄟˋ
彝,ㄧˊ
乙,ㄧˇ
釔,ㄧˇ
已,ㄧˇ
以,ㄧˇ
苡,ㄧˇ
胣,ㄧˇ
矣,ㄧˇ
尾,ㄨㄟˇ,ㄧˇ
倚,ㄧˇ
旖,ㄧˇ
齮,ㄧˇ
扆,ㄧˇ
偯,ㄧˇ
螘,ㄧˇ
顗,ㄧˇ
檥,ㄧˇ
蟻,ㄧˇ
艤,ㄧˇ
轙,ㄧˇ
刈,ㄧˋ
弋,ㄧˋ
杙,ㄧˋ
芅,ㄧˋ
黓,ㄧˋ
肊,ㄧˋ
屹,ㄧˋ
鳦,ㄧˋ
亦,ㄧˋ
弈,ㄧˋ
奕,ㄧˋ
帟,ㄧˋ
裔,ㄧˋ
㵝,ㄧˋ
曳,ㄧˋ,ㄧㄝˋ
坄,ㄧˋ
役,ㄧˋ
疫,ㄧˋ
抑,ㄧˋ
邑,ㄧˋ
浥,ㄧˋ
悒,ㄧˋ
挹,ㄧˋ
裛,ㄧˋ
泆,ㄧˋ
詄,ㄧˋ
軼,ㄧˋ
枻,ㄧˋ
靾,ㄧˋ
勩,ㄧˋ
易,ㄧˋ
埸,ㄧˋ
蜴,ㄧˋ
佾,ㄧˋ
羿,ㄧˋ
翊,ㄧˋ
翌,ㄧˋ
溢,ㄧˋ
螠,ㄧˋ
縊,ㄧˋ
謚,ㄧˋ,ㄕˋ
鎰,ㄧˋ
鷁,ㄧˋ
液,ㄧㄝˋ,ㄧˋ
掖,ㄧㄝˋ,ㄧˋ,ㄧㄝ
腋,ㄧㄝˋ,ㄧˋ
蓺,ㄧˋ
藝,ㄧˋ
囈,ㄧˋ
襼,ㄧˋ
異,ㄧˋ
廙,ㄧˋ
翼,ㄧˋ
逸,ㄧˋ
義,ㄧˋ
議,ㄧˋ
意,ㄧˋ
億,ㄧˋ
憶,ㄧˋ
檍,ㄧˋ
薏,ㄧˋ
臆,ㄧˋ
癔,ㄧˋ
繶,ㄧˋ
鐿,ㄧˋ
鷾,ㄧˋ
詣,ㄧˋ
肄,ㄧˋ
懌,ㄧˋ
嶧,ㄧˋ
圛,ㄧˋ
燡,ㄧˋ
繹,ㄧˋ
譯,ㄧˋ
醳,ㄧˋ
驛,ㄧˋ
嫕,ㄧˋ
瞖,ㄧˋ
蘙,ㄧˋ
熠,ㄧˋ
毅,ㄧˋ
藙,ㄧˋ
瘞,ㄧˋ
瘱,ㄧˋ
殪,ㄧˋ
曀,ㄧˋ
豷,ㄧˋ
饐,ㄧˋ
懿,ㄧˋ
鷧,ㄧˋ
劓,ㄧˋ
寱,ㄧˋ
䆿,ㄧˋ
鶂,ㄧˋ
鷊,ㄧˋ
丫,ㄧㄚ
雅,ㄧㄚˇ,ㄧㄚ
鴉,ㄧㄚ
押,ㄧㄚ,ㄧㄚˊ
鴨,ㄧㄚ
亞,ㄧㄚˋ,ㄧㄚˇ,ㄧㄚ
椏,ㄧㄚ
壓,ㄧㄚ
牙,ㄧㄚˊ
犽,ㄧㄚˊ
枒,ㄧㄚˊ
芽,ㄧㄚˊ
蚜,ㄧㄚˊ
齖,ㄧㄚˊ
涯,ㄧㄚˊ
睚,ㄧㄚˊ,ㄧㄞˊ
衙,ㄧㄚˊ,ㄩˊ
厊,ㄧㄚˇ
庌,ㄧㄚˇ
掗,ㄧㄚˋ,ㄧㄚˇ
氬,ㄧㄚˋ
圠,ㄧㄚˋ
婭,ㄧㄚˋ
錏,ㄧㄚˋ
迓,ㄧㄚˋ
砑,ㄧㄚˋ
訝,ㄧㄚˋ
御,ㄩˋ,ㄧㄚˋ
聐,ㄧㄚˋ
揠,ㄧㄚˋ
猰,ㄧㄚˋ
齾,ㄧㄚˋ
唷,ㄧㄛ
耶,ㄧㄝˊ,ㄧㄝ
噎,ㄧㄝ
琊,ㄧㄝˊ
釾,ㄧㄝˊ
揶,ㄧㄝˊ
椰,ㄧㄝˊ
爺,ㄧㄝˊ
歋,ㄧㄝˊ
擨,ㄧㄝˊ
也,ㄧㄝˇ
冶,ㄧㄝˇ
埜,ㄧㄝˇ
野,ㄧㄝˇ
夜,ㄧㄝˋ
㖡,ㄧㄝˋ
抴,ㄧㄝˋ
咽,ㄧㄢ,ㄧㄢˋ,ㄧㄝˋ
殗,ㄧㄝˋ
謁,ㄧㄝˋ
殜,ㄧㄝˋ
鄴,ㄧㄝˋ
嶪,ㄧㄝˋ
燁,ㄧㄝˋ
曄,ㄧㄝˋ
擫,ㄧㄝˋ
靨,ㄧㄝˋ
饁,ㄧㄝˋ
黦,ㄩˋ,ㄧㄝˋ
吔,˙ㄧㄝ
厓,ㄧㄞˊ
啀,ㄧㄞˊ
崖,ㄧㄞˊ
么,ㄧㄠ
吆,ㄧㄠ
妖,ㄧㄠ
芺,ㄧㄠ
祅,ㄧㄠ
訞,ㄧㄠ
要,ㄧㄠˋ,ㄧㄠ
喓,ㄧㄠ
葽,ㄧㄠ
腰,ㄧㄠ
喲,ㄧㄠ
邀,ㄧㄠ
淆,ㄧㄠˊ
崤,ㄧㄠˊ
殽,ㄧㄠˊ
姚,ㄧㄠˊ
珧,ㄧㄠˊ
垚,ㄧㄠˊ
堯,ㄧㄠˊ
嶢,ㄧㄠˊ
揄,ㄩˊ,ㄧㄠˊ,ㄧㄡˊ
隃,ㄩˊ,ㄧㄠˊ
軺,ㄧㄠˊ
傜,ㄧㄠˊ
愮,ㄧㄠˊ
搖,ㄧㄠˊ
徭,ㄧㄠˊ
猺,ㄧㄠˊ
媱,ㄧㄠˊ
瑤,ㄧㄠˊ
榣,ㄧㄠˊ
遙,ㄧㄠˊ
謠,ㄧㄠˊ
颻,ㄧㄠˊ
鰩,ㄧㄠˊ
窯,ㄧㄠˊ
宎,ㄧㄠˇ
殀,ㄧㄠˇ
穾,ㄧㄠˇ
杳,ㄧㄠˇ
窔,ㄧㄠˇ
窅,ㄧㄠˇ
窈,ㄧㄠˇ
舀,ㄧㄠˇ
偠,ㄧㄠˇ
騕,ㄧㄠˇ
溔,ㄧㄠˇ
鷕,ㄧㄠˇ
袎,ㄧㄠˋ
靿,ㄧㄠˋ
葯,ㄧㄠˋ
藥,ㄧㄠˋ
燿,ㄧㄠˋ,ㄩㄝˋ
曜,ㄧㄠˋ,ㄩㄝˋ
耀,ㄧㄠˋ,ㄩㄝˋ
瀹,ㄩㄝˋ,ㄧㄠˋ
爚,ㄩㄝˋ,ㄧㄠˋ
鑰,ㄧㄠˋ,ㄩㄝˋ
鷂,ㄧㄠˋ
优,ㄧㄡ
攸,ㄧㄡ
悠,ㄧㄡ
滺,ㄧㄡ
怮,ㄧㄡ
呦,ㄧㄡ
幽,ㄧㄡ
麀,ㄧㄡ
憂,ㄧㄡ
優,ㄧㄡ
鄾,ㄧㄡ
嚘,ㄧㄡ
櫌,ㄧㄡ
耰,ㄧㄡ
纋,ㄧㄡ
尤,ㄧㄡˊ
沋,ㄧㄡˊ
疣,ㄧㄡˊ
訧,ㄧㄡˊ
魷,ㄧㄡˊ
冘,ㄧㄣˊ,ㄧㄡˊ
由,ㄧㄡˊ
油,ㄧㄡˊ
蚰,ㄧㄡˊ
鈾,ㄧㄡˋ,ㄧㄡˊ
鮋,ㄧㄡˊ
斿,ㄧㄡˊ
游,ㄧㄡˊ
遊,ㄧㄡˊ
蝣,ㄧㄡˊ
逌,ㄧㄡˊ
郵,ㄧㄡˊ
猶,ㄧㄡˊ
猷,ㄧㄡˊ
楢,ㄧㄡˊ
輶,ㄧㄡˊ
蕕,ㄧㄡˊ
友,ㄧㄡˇ
有,ㄧㄡˇ,ㄧㄡˋ
銪,ㄧㄡˇ
酉,ㄧㄡˇ
庮,ㄧㄡˇ
槱,ㄧㄡˇ
卣,ㄧㄡˇ
羑,ㄧㄡˇ
莠,ㄧㄡˋ,ㄧㄡˇ
蚴,ㄧㄡˇ
黝,ㄧㄡˇ
牖,ㄧㄡˇ
懮,ㄧㄡˇ
又,ㄧㄡˋ
右,ㄧㄡˋ
佑,ㄧㄡˋ
祐,ㄧㄡˋ
幼,ㄧㄡˋ
侑,ㄧㄡˋ
宥,ㄧㄡˋ
囿,ㄧㄡˋ
狖,ㄧㄡˋ
柚,ㄧㄡˋ
釉,ㄧㄡˋ
鼬,ㄧㄡˋ
誘,ㄧㄡˋ
奄,ㄧㄢˇ,ㄧㄢ
淹,ㄧㄢ,ㄧㄢˋ
崦,ㄧㄢ
醃,ㄧㄢ
閹,ㄧㄢ
胭,ㄧㄢ
殷,ㄧㄣ,ㄧㄢ,ㄧㄣˇ
焉,ㄧㄢ
鄢,ㄧㄢ
嫣,ㄧㄢ
湮,ㄧㄣ,ㄧㄢ
煙,ㄧㄢ
菸,ㄧㄢ,ㄩˊ
厭,ㄧㄢˋ,ㄧㄢ
懨,ㄧㄢ
燕,ㄧㄢˋ,ㄧㄢ
言,ㄧㄢˊ,ㄧㄣˊ
妍,ㄧㄢˊ
研,ㄧㄢˊ,ㄧㄢˋ
揅,ㄧㄢˊ
鳽,ㄧㄢˊ
沿,ㄧㄢˊ,ㄧㄢˋ
鈆,ㄧㄢˊ,ㄑㄧㄢ
炎,ㄧㄢˊ
岩,ㄧㄢˊ
延,ㄧㄢˊ
郔,ㄧㄢˊ
蜒,ㄧㄢˊ
筵,ㄧㄢˊ
綖,ㄧㄢˊ
閆,ㄧㄢˊ
嵒,ㄧㄢˊ
碞,ㄧㄢˊ
虤,ㄧㄢˊ
閻,ㄧㄢˊ
檐,ㄧㄢˊ
簷,ㄧㄢˊ
顏,ㄧㄢˊ
嚴,ㄧㄢˊ
巖,ㄧㄢˊ
鹽,ㄧㄢˋ,ㄧㄢˊ
广,ㄧㄢˇ
㫃,ㄧㄢˇ
沇,ㄧㄢˇ
掩,ㄧㄢˇ
罨,ㄧㄢˇ
黤,ㄧㄢˇ
兗,ㄧㄢˇ
匽,ㄧㄢˇ
偃,ㄧㄢˇ
郾,ㄧㄢˇ
蝘,ㄧㄢˇ
鼴,ㄧㄢˇ
弇,ㄧㄢˇ
渰,ㄧㄢˇ
揜,ㄧㄢˇ
衍,ㄧㄢˇ
琰,ㄧㄢˇ
扊,ㄧㄢˇ
眼,ㄧㄢˇ
演,ㄧㄢˇ
戭,ㄧㄢˇ,ㄧㄣˇ
噞,ㄧㄢˇ
厴,ㄧㄢˇ
魘,ㄧㄢˇ
黶,ㄧㄢˇ
龑,ㄧㄢˇ
齞,ㄧㄢˇ
甗,ㄧㄢˇ
巘,ㄧㄢˇ
儼,ㄧㄢˇ
彥,ㄧㄢˋ
喭,ㄧㄢˋ
諺,ㄧㄢˋ
宴,ㄧㄢˋ
堰,ㄧㄢˋ
唁,ㄧㄢˋ
晏,ㄧㄢˋ
鴳,ㄧㄢˋ
鷃,ㄧㄢˋ
焱,ㄧㄢˋ
焰,ㄧㄢˋ
燄,ㄧㄢˋ
爓,ㄧㄢˋ
硯,ㄧㄢˋ
雁,ㄧㄢˋ
鴈,ㄧㄢˋ
贗,ㄧㄢˋ
猒,ㄧㄢˋ
饜,ㄧㄢˋ
嚥,ㄧㄢˋ
嬿,ㄧㄢˋ
讌,ㄧㄢˋ
醼,ㄧㄢˋ
驗,ㄧㄢˋ
讞,ㄧㄢˋ
釅,ㄧㄢˋ
豔,ㄧㄢˋ
灩,ㄧㄢˋ
因,ㄧㄣ
姻,ㄧㄣ
茵,ㄧㄣ
欭,ㄧㄣ
氤,ㄧㄣ
裀,ㄧㄣ
絪,ㄧㄣ
銦,ㄧㄣ
駰,ㄧㄣ
音,ㄧㄣ,ㄧㄣˋ
愔,ㄧㄣ
喑,ㄧㄣ
瘖,ㄧㄣ
垔,ㄧㄣ
堙,ㄧㄣ
禋,ㄧㄣ
闉,ㄧㄣ
慇,ㄧㄣ
狺,ㄧㄣˊ
誾,ㄧㄣˊ
釿,ㄧㄣˊ
齗,ㄧㄣˊ
吟,ㄧㄣˊ
㹜,ㄧㄣˊ
垠,ㄧㄣˊ
銀,ㄧㄣˊ
淫,ㄧㄣˊ
婬,ㄧㄣˊ
霪,ㄧㄣˊ
寅,ㄧㄣˊ
夤,ㄧㄣˊ
殥,ㄧㄣˊ
唫,ㄧㄣˊ
崟,ㄧㄣˊ
鄞,ㄧㄣˊ
嚚,ㄧㄣˊ
廴,ㄧㄣˇ
尹,ㄧㄣˇ
引,ㄧㄣˇ
蚓,ㄧㄣˇ
靷,ㄧㄣˇ
听,ㄧㄣˇ,ㄊㄧㄥ,ㄊㄧㄥˋ
飲,ㄧㄣˇ,ㄧㄣˋ
螾,ㄧㄣˇ
嶾,ㄧㄣˇ
隱,ㄧㄣˇ,ㄧㄣˋ
檃,ㄧㄣˇ
癮,ㄧㄣˇ
讔,ㄧㄣˇ
印,ㄧㄣˋ
胤,ㄧㄣˋ
酳,ㄧㄣˋ
廕,ㄧㄣˋ
蔭,ㄧㄣˋ
暈,ㄩㄣ,ㄩㄣˋ,ㄧㄣˋ
憖,ㄧㄣˋ
央,ㄧㄤ
佒,ㄧㄤ
泱,ㄧㄤ
殃,ㄧㄤ
秧,ㄧㄤ
鉠,ㄧㄤ
鞅,ㄧㄤ,ㄧㄤˇ
鴦,ㄧㄤ
佯,ㄧㄤˊ
洋,ㄧㄤˊ
徉,ㄧㄤˊ
烊,ㄧㄤˊ
痒,ㄧㄤˊ,ㄧㄤˇ
昜,ㄧㄤˊ
揚,ㄧㄤˊ
陽,ㄧㄤˊ
煬,ㄧㄤˋ,ㄧㄤˊ
楊,ㄧㄤˊ
暘,ㄧㄤˊ
瘍,ㄧㄤˊ
禓,ㄧㄤˊ
鍚,ㄧㄤˊ
颺,ㄧㄤˊ
仰,ㄧㄤˇ
坱,ㄧㄤˇ
氧,ㄧㄤˇ
養,ㄧㄤˇ,ㄧㄤˋ
瀁,ㄧㄤˋ,ㄧㄤˇ
癢,ㄧㄤˇ
怏,ㄧㄤˋ
恙,ㄧㄤˋ
羕,ㄧㄤˋ
漾,ㄧㄤˋ
英,ㄧㄥ
媖,ㄧㄥ
瑛,ㄧㄥ
霙,ㄧㄥ
嫈,ㄧㄥ
罃,ㄧㄥ
鶯,ㄧㄥ
應,ㄧㄥ,ㄧㄥˋ
膺,ㄧㄥ
鷹,ㄧㄥ
嬰,ㄧㄥ
甖,ㄧㄥ
攖,ㄧㄥ
罌,ㄧㄥ
嚶,ㄧㄥ
瓔,ㄧㄥ
櫻,ㄧㄥ
蘡,ㄧㄥ
纓,ㄧㄥ
鸚,ㄧㄥ
迎,ㄧㄥˊ,ㄧㄥˋ
盈,ㄧㄥˊ
楹,ㄧㄥˊ
塋,ㄧㄥˊ
熒,ㄧㄥˊ
瑩,ㄧㄥˊ
螢,ㄧㄥˊ
縈,ㄧㄥˊ
營,ㄧㄥˊ
瀅,ㄧㄥˊ
瀠,ㄧㄥˊ
瀯,ㄧㄥˊ
嬴,ㄧㄥˊ
瀛,ㄧㄥˊ
贏,ㄧㄥˊ
籯,ㄧㄥˊ
蠅,ㄧㄥˊ
郢,ㄧㄥˇ
影,ㄧㄥˇ
潁,ㄧㄥˇ
穎,ㄧㄥˇ
癭,ㄧㄥˇ
映,ㄧㄥˋ
硬,ㄧㄥˋ
媵,ㄧㄥˋ
汙,ㄨ,ㄨˋ,ㄩ,ㄩˊ,ㄨㄚ
圬,ㄨ
杇,ㄨ
洿,ㄨ
巫,ㄨ,ㄨˊ
誣,ㄨ,ㄨˊ
於,ㄩˊ,ㄨ
屋,ㄨ
剭,ㄨ
烏,ㄨ
嗚,ㄨ
鄔,ㄨ
歍,ㄨ
鎢,ㄨ
亡,ㄨㄤˊ,ㄨˊ
无,ㄨˊ,ㄇㄛˊ
毋,ㄨˊ
吾,ㄨˊ,ㄩˊ
浯,ㄨˊ
郚,ㄨˊ
唔,ㄨˊ
峿,ㄨˊ
梧,ㄨˊ,ㄨˋ
鋙,ㄨˊ
鼯,ㄨˊ
莁,ㄨˊ
吳,ㄨˊ
蜈,ㄨˊ
蕪,ㄨˊ
五,ㄨˇ
伍,ㄨˇ
捂,ㄨˇ
啎,ㄨˇ
牾,ㄨˇ
仵,ㄨˇ
忤,ㄨˇ
迕,ㄨˇ,ㄨˋ
武,ㄨˇ
碔,ㄨˇ
鵡,ㄨˇ
侮,ㄨˇ
摀,ㄨˇ
舞,ㄨˇ
廡,ㄨˇ
憮,ㄨˇ
嘸,ㄨˇ
嫵,ㄨˇ
甒,ㄨˇ
兀,ㄨˋ
扤,ㄨˋ
屼,ㄨˋ
阢,ㄨˋ
杌,ㄨˋ
卼,ㄨˋ
勿,ㄨˋ
沕,ㄨˋ
物,ㄨˋ
戊,ㄨˋ
沃,ㄨㄛˋ,ㄨˋ
鋈,ㄨˋ
悟,ㄨˋ
焐,ㄨˋ
晤,ㄨˋ
痦,ㄨˋ
寤,ㄨˋ
務,ㄨˋ
婺,ㄨˋ
霧,ㄨˋ
騖,ㄨˋ
塢,ㄨˋ
誤,ㄨˋ
窊,ㄨㄚ
哇,ㄨㄚ,˙ㄨㄚ
蛙,ㄨㄚ
窪,ㄨㄚ
挖,ㄨㄚ,ㄨㄚˊ
媧,ㄨㄚ
娃,ㄨㄚˊ
瓦,ㄨㄚˇ,ㄨㄚˋ
佤,ㄨㄚˇ
䍪,ㄨㄚˋ
嗢,ㄨㄚˋ
殟,ㄨㄚˋ
膃,ㄨㄚˋ
襪,ㄨㄚˋ
倭,ㄨㄛ,ㄨㄟ,ㄨㄛˇ
猧,ㄨㄛ
萵,ㄨㄛ
窩,ㄨㄛ
婑,ㄨㄛˇ
䰀,ㄨㄛˇ
臥,ㄨㄛˋ
涴,ㄨㄛˋ
偓,ㄨㄛˋ
渥,ㄨㄛˋ
握,ㄨㄛˋ
幄,ㄨㄛˋ
腛,ㄨㄛˋ
齷,ㄨㄛˋ
歪,ㄨㄞ,ㄨㄞˇ
外,ㄨㄞˋ
委,ㄨㄟˇ,ㄨㄟ
萎,ㄨㄟ,ㄨㄟˇ
逶,ㄨㄟ
蜲,ㄨㄟ
威,ㄨㄟ
崴,ㄨㄟ
葳,ㄨㄟ
蝛,ㄨㄟ
偎,ㄨㄟ
渨,ㄨㄟ
隈,ㄨㄟ
煨,ㄨㄟ
椳,ㄨㄟ
溦,ㄨㄟ
微,ㄨㄟˊ,ㄨㄟ
囗,ㄨㄟˊ
圩,ㄩˊ,ㄨㄟˊ
危,ㄨㄟˊ
桅,ㄨㄟˊ
鮠,ㄨㄟˊ
為,ㄨㄟˊ,ㄨㄟˋ
鄬,ㄨㄟˊ
韋,ㄨㄟˊ
幃,ㄨㄟˊ
圍,ㄨㄟˊ
違,ㄨㄟˊ
闈,ㄨㄟˊ
惟,ㄨㄟˊ
唯,ㄨㄟˊ,ㄨㄟˇ
帷,ㄨㄟˊ
維,ㄨㄟˊ
濰,ㄨㄟˊ
嵬,ㄨㄟˊ
魏,ㄨㄟˋ,ㄨㄟˊ
巍,ㄨㄟˊ
薇,ㄨㄟˊ
娓,ㄨㄟˇ
艉,ㄨㄟˇ
痿,ㄨㄟˇ
諉,ㄨㄟˇ
洧,ㄨㄟˇ
痏,ㄨㄟˇ
鮪,ㄨㄟˇ
偉,ㄨㄟˇ
煒,ㄨㄟˇ
瑋,ㄨㄟˇ
葦,ㄨㄟˇ
暐,ㄨㄟˇ
緯,ㄨㄟˇ
韙,ㄨㄟˇ
韡,ㄨㄟˇ
猥,ㄨㄟˇ
蒍,ㄨㄟˇ
骫,ㄨㄟˇ
隗,ㄨㄟˇ
頠,ㄨㄟˇ
壝,ㄨㄟˇ
斖,ㄨㄟˇ
未,ㄨㄟˋ
味,ㄨㄟˋ
位,ㄨㄟˋ
偽,ㄨㄟˋ
畏,ㄨㄟˋ
喂,ㄨㄟˋ
餵,ㄨㄟˋ
胃,ㄨㄟˋ
渭,ㄨㄟˋ
媦,ㄨㄟˋ
蝟,ㄨㄟˋ
謂,ㄨㄟˋ
尉,ㄨㄟˋ,ㄩˋ
蔚,ㄨㄟˋ,ㄩˋ
慰,ㄨㄟˋ
罻,ㄨㄟˋ
褽,ㄨㄟˋ
衛,ㄨㄟˋ
讆,ㄨㄟˋ
躗,ㄨㄟˋ
剜,ㄨㄢ
蜿,ㄨㄢˇ,ㄨㄢ
豌,ㄨㄢ
婠,ㄨㄢ
彎,ㄨㄢ
灣,ㄨㄢ
丸,ㄨㄢˊ
汍,ㄨㄢˊ
芄,ㄨㄢˊ
紈,ㄨㄢˊ
刓,ㄨㄢˊ
完,ㄨㄢˊ
抏,ㄨㄢˊ
岏,ㄨㄢˊ
玩,ㄨㄢˋ,ㄨㄢˊ
烷,ㄨㄢˊ
頑,ㄨㄢˊ
宛,ㄨㄢˇ,ㄩㄢ
婉,ㄨㄢˇ
琬,ㄨㄢˇ
菀,ㄨㄢˇ,ㄩˋ,ㄩㄢˋ
晼,ㄨㄢˇ
碗,ㄨㄢˇ
畹,ㄨㄢˇ
踠,ㄨㄢˇ
魭,ㄩㄢˊ,ㄨㄢˇ
挽,ㄨㄢˇ
晚,ㄨㄢˇ
輓,ㄨㄢˇ
綰,ㄨㄢˇ
卍,ㄨㄢˋ
忨,ㄨㄢˋ
杬,ㄩㄢˊ,ㄨㄢˋ
翫,ㄨㄢˋ
惋,ㄨㄢˋ
腕,ㄨㄢˋ
萬,ㄨㄢˋ
溫,ㄨㄣ
塭,ㄨㄣ
瘟,ㄨㄣ
轀,ㄨㄣ
鰮,ㄨㄣ
文,ㄨㄣˊ,ㄨㄣˋ
蚊,ㄨㄣˊ
紋,ㄨㄣˊ
雯,ㄨㄣˊ
聞,ㄨㄣˊ,ㄨㄣˋ
閿,ㄨㄣˊ
刎,ㄨㄣˇ
吻,ㄨㄣˇ
穩,ㄨㄣˇ
汶,ㄨㄣˋ
抆,ㄨㄣˋ
紊,ㄨㄣˋ
絻,ㄨㄣˋ
問,ㄨㄣˋ
搵,ㄨㄣˋ
璺,ㄨㄣˋ
尢,ㄨㄤ
汪,ㄨㄤ
尪,ㄨㄤ
忘,ㄨㄤˋ,ㄨㄤˊ
王,ㄨㄤˊ,ㄨㄤˋ,ㄩˋ
网,ㄨㄤˇ
枉,ㄨㄤˇ
俇,ㄨㄤˇ
罔,ㄨㄤˇ
惘,ㄨㄤˇ
網,ㄨㄤˇ
輞,ㄨㄤˇ
魍,ㄨㄤˇ
往,ㄨㄤˇ
瀇,ㄨㄤˇ
旺,ㄨㄤˋ
妄,ㄨㄤˋ
望,ㄨㄤˋ
翁,ㄨㄥ
嗡,ㄨㄥ
滃,ㄨㄥˇ
塕,ㄨㄥˇ
蓊,ㄨㄥˇ
暡,ㄨㄥˇ
瓮,ㄨㄥˋ
甕,ㄨㄥˋ
罋,ㄨㄥˋ
齆,ㄨㄥˋ
迂,ㄩ
紆,ㄩ
淤,ㄩ
瘀,ㄩ
邘,ㄩˊ
玗,ㄩˊ
杅,ㄩˊ
盂,ㄩˊ
竽,ㄩˊ
予,ㄩˊ,ㄩˇ
妤,ㄩˊ
狳,ㄩˊ
艅,ㄩˊ
餘,ㄩˊ
臾,ㄩˊ,ㄩㄥˇ
舁,ㄩˊ
楰,ㄩˊ
萸,ㄩˊ
腴,ㄩˊ
與,ㄩˇ,ㄩˋ,ㄩˊ
諛,ㄩˊ
輿,ㄩˊ
璵,ㄩˊ
歟,ㄩˊ
旟,ㄩˊ
轝,ㄩˊ
禺,ㄩˊ,ㄩˋ
喁,ㄩㄥˊ,ㄩˊ
嵎,ㄩˊ
隅,ㄩˊ
愚,ㄩˊ
渝,ㄩˊ
愉,ㄩˊ
瑜,ㄩˊ
榆,ㄩˊ
逾,ㄩˊ
歈,ㄩˊ
窬,ㄩˊ
睮,ㄩˊ
羭,ㄩˊ
褕,ㄩˊ
蝓,ㄩˊ
踰,ㄩˊ
覦,ㄩˊ
娛,ㄩˊ
虞,ㄩˊ
雩,ㄩˊ,ㄩˋ
魚,ㄩˊ
漁,ㄩˊ
宇,ㄩˇ
羽,ㄩˇ
雨,ㄩˇ,ㄩˋ
俁,ㄩˇ
麌,ㄩˇ
禹,ㄩˇ
偊,ㄩˇ
瑀,ㄩˇ
圄,ㄩˇ
敔,ㄩˇ
語,ㄩˇ,ㄩˋ
齬,ㄩˇ
庾,ㄩˇ
瘐,ㄩˇ
嶼,ㄩˇ
圉,ㄩˇ
傴,ㄩˇ
窳,ㄩˇ
噢,ㄩˇ
貐,ㄩˇ
玉,ㄩˋ
鈺,ㄩˋ
聿,ㄩˋ
育,ㄩˋ
淯,ㄩˋ
堉,ㄩˋ
芋,ㄩˋ
浴,ㄩˋ
峪,ㄩˋ
欲,ㄩˋ
裕,ㄩˋ
慾,ㄩˋ
鵒,ㄩˋ
欥,ㄩˋ
郁,ㄩˋ
苑,ㄩㄢˋ,ㄩㄢˊ,ㄩˋ
昱,ㄩˋ
煜,ㄩˋ
寓,ㄩˋ
遇,ㄩˋ
喻,ㄩˋ
愈,ㄩˋ
瘉,ㄩˋ
諭,ㄩˋ
癒,ㄩˋ
彧,ㄩˋ
域,ㄩˋ
㖪,ㄩˋ
棫,ㄩˋ
罭,ㄩˋ
蜮,ㄩˋ
緎,ㄩˋ
閾,ㄩˋ
魊,ㄩˋ
禦,ㄩˋ
篽,ㄩˋ
熨,ㄩㄣˋ,ㄩˋ
棜,ㄩˋ
馭,ㄩˋ
飫,ㄩˋ
矞,ㄩˋ
遹,ㄩˋ
繘,ㄩˋ
驈,ㄩˋ
鷸,ㄩˋ
毓,ㄩˋ
薁,ㄩˋ
預,ㄩˋ
澦,ㄩˋ
豫,ㄩˋ
譽,ㄩˋ
鸒,ㄩˋ
獄,ㄩˋ
嫗,ㄩˋ
鴥,ㄩˋ
儥,ㄩˋ
鬱,ㄩˋ
籲,ㄩˋ
曰,ㄩㄝ
約,ㄩㄝ
月,ㄩㄝˋ
刖,ㄩㄝˋ
玥,ㄩㄝˋ
戉,ㄩㄝˋ
越,ㄩㄝˋ
鉞,ㄩㄝˋ
樾,ㄩㄝˋ
礿,ㄩㄝˋ
岳,ㄩㄝˋ
軏,ㄩㄝˋ
悅,ㄩㄝˋ
閱,ㄩㄝˋ
粵,ㄩㄝˋ
嶽,ㄩㄝˋ
鸑,ㄩㄝˋ
龠,ㄩㄝˋ
禴,ㄩㄝˋ
籥,ㄩㄝˋ
躍,ㄩㄝˋ
籰,ㄩㄝˋ
怨,ㄩㄢˋ,ㄩㄢ
眢,ㄩㄢ
惌,ㄩㄢ
鴛,ㄩㄢ
鵷,ㄩㄢ
冤,ㄩㄢ
淵,ㄩㄢ
蜎,ㄩㄢ
鳶,ㄩㄢ
嬽,ㄩㄢ
元,ㄩㄢˊ
沅,ㄩㄢˊ
邧,ㄩㄢˊ
芫,ㄩㄢˊ
黿,ㄩㄢˊ
垣,ㄩㄢˊ
爰,ㄩㄢˊ
湲,ㄩㄢˊ
援,ㄩㄢˊ
媛,ㄩㄢˋ,ㄩㄢˊ
蝯,ㄩㄢˊ
鶢,ㄩㄢˊ
袁,ㄩㄢˊ
園,ㄩㄢˊ
猿,ㄩㄢˊ
轅,ㄩㄢˊ
原,ㄩㄢˊ,ㄩㄢˋ
源,ㄩㄢˊ
嫄,ㄩㄢˊ
羱,ㄩㄢˊ
螈,ㄩㄢˊ
騵,ㄩㄢˊ
員,ㄩㄢˊ,ㄩㄣˊ,ㄩㄣˋ
圓,ㄩㄢˊ
隕,ㄩㄣˇ,ㄩㄢˊ
緣,ㄩㄢˊ,ㄩㄢˋ
櫞,ㄩㄢˊ
遠,ㄩㄢˇ,ㄩㄢˋ
愿,ㄩㄢˋ
願,ㄩㄢˋ
院,ㄩㄢˋ
掾,ㄩㄢˋ
瑗,ㄩㄢˋ
奫,ㄩㄣ
蒕,ㄩㄣ
氳,ㄩㄣ
縕,ㄩㄣˋ,ㄩㄣ
贇,ㄩㄣ
云,ㄩㄣˊ
沄,ㄩㄣˊ
芸,ㄩㄣˊ,ㄧˋ
耘,ㄩㄣˊ
紜,ㄩㄣˊ
雲,ㄩㄣˊ
澐,ㄩㄣˊ
蕓,ㄩㄣˊ
勻,ㄩㄣˊ
昀,ㄩㄣˊ
畇,ㄩㄣˊ
筠,ㄩㄣˊ
鄖,ㄩㄣˊ
篔,ㄩㄣˊ
熅,ㄩㄣˊ,ㄩㄣˋ
允,ㄩㄣˇ
狁,ㄩㄣˇ
殞,ㄩㄣˇ
霣,ㄩㄣˇ
孕,ㄩㄣˋ
韻,ㄩㄣˋ
惲,ㄩㄣˋ
鄆,ㄩㄣˋ
運,ㄩㄣˋ
餫,ㄩㄣˋ
韗,ㄩㄣˋ
鶤,ㄩㄣˋ
慍,ㄩㄣˋ
醞,ㄩㄣˋ
薀,ㄩㄣˋ
韞,ㄩㄣˋ
蘊,ㄩㄣˋ
邕,ㄩㄥ
嗈,ㄩㄥ
雝,ㄩㄥ
灉,ㄩㄥ
廱,ㄩㄥ
癰,ㄩㄥ
庸,ㄩㄥ,ㄩㄥˊ
傭,ㄩㄥ,ㄩㄥˊ
鄘,ㄩㄥ,ㄩㄥˊ
慵,ㄩㄥ,ㄩㄥˊ
墉,ㄩㄥ,ㄩㄥˊ
鏞,ㄩㄥ,ㄩㄥˊ
雍,ㄩㄥ
澭,ㄩㄥ
壅,ㄩㄥ,ㄩㄥˇ
擁,ㄩㄥˇ,ㄩㄥ
噰,ㄩㄥ
蕹,ㄩㄥ
臃,ㄩㄥ,ㄩㄥˇ
饔,ㄩㄥ
顒,ㄩㄥˊ
永,ㄩㄥˇ
泳,ㄩㄥˇ
詠,ㄩㄥˇ
甬,ㄩㄥˇ
俑,ㄩㄥˇ
勇,ㄩㄥˇ
涌,ㄩㄥˇ
恿,ㄩㄥˇ
湧,ㄩㄥˇ
蛹,ㄩㄥˇ
踊,ㄩㄥˇ
踴,ㄩㄥˇ
用,ㄩㄥˋ
佣,ㄩㄥˋ
禜,ㄩㄥˋ
醟,ㄩㄥˋ
厘,ㄌㄧˊ
鉢,ㄅㄛ
栢,ㄅㄛˊ,ㄅㄞˇ
䬪,ㄅㄛˊ
僃,ㄅㄟˋ
襃,ㄅㄠ
緥,ㄅㄠˇ
鑤,ㄅㄠˋ
犇,ㄅㄣ,ㄅㄣˋ
竝,ㄅㄧㄥˋ,ㄅㄤˋ
蜯,ㄅㄤˋ,ㄅㄥˋ
粃,ㄅㄧˇ
笔,ㄅㄧˇ
啚,ㄅㄧˇ,ㄅㄧˋ
䟆,ㄅㄧˋ
鞸,ㄅㄧˋ
躃,ㄅㄧˋ
鼈,ㄅㄧㄝ
别,ㄅㄧㄝˊ
㿜,ㄅㄧㄝˇ
飇,ㄅㄧㄠ
飈,ㄅㄧㄠ
边,ㄅㄧㄢ
禀,ㄅㄧㄥˇ,ㄅㄧㄣ,ㄌㄧㄣˇ
浜,ㄅㄧㄣ
髩,ㄅㄧㄣˋ
幷,ㄅㄧㄥˋ,ㄅㄧㄥ
昞,ㄅㄧㄥˇ
餠,ㄅㄧㄥˇ
斾,ㄆㄟˋ
抛,ㄆㄠ
麅,ㄅㄧㄠ,ㄆㄠˊ
礮,ㄆㄠˋ
鸊,ㄆㄧˋ
撆,ㄆㄧㄝ,ㄆㄧㄝˇ
幈,ㄆㄧㄥˊ,ㄅㄧㄥˇ,ㄅㄧㄥ
甁,ㄆㄧㄥˊ
凭,ㄆㄧㄥˊ
攵,ㄆㄨ,ㄨㄣˊ,ㄨㄣˋ
舖,ㄆㄨ,ㄆㄨˋ
幞,ㄆㄨˊ
蔴,ㄇㄚˊ
麽,ㄇㄛˊ,˙ㄇㄚ,ㄇㄚˊ,˙ㄇㄜ
蟇,ㄇㄚˊ,˙ㄇㄚ
饝,ㄇㄛˊ
没,ㄇㄛˋ,ㄇㄟˊ
脉,ㄇㄞˋ,ㄇㄛˋ
䬠,ㄈㄟ
猫,ㄇㄠ
皃,ㄇㄠˋ
畮,ㄇㄨˇ,ㄇㄡˇ
蝱,ㄇㄥˊ
玅,ㄇㄧㄠˋ
緜,ㄇㄧㄢˊ
勔,ㄇㄧㄢˇ
㟭,ㄇㄧㄣˊ
瑉,ㄇㄧㄣˊ
䃉,ㄇㄧㄣˊ
緍,ㄇㄧㄣˊ
䥈,ㄇㄨˇ
灋,ㄈㄚˇ,ㄈㄚˊ,ㄈㄚ
㘺,ㄈㄚˊ
珐,ㄈㄚˋ
棑,ㄈㄟˇ
疿,ㄈㄟˋ
飜,ㄈㄢ
飰,ㄈㄢˋ
餴,ㄈㄣ
坆,ㄈㄣˊ,ㄈㄣˋ
旊,ㄈㄤˇ
峯,ㄈㄥ
蠭,ㄈㄥ
䴸,ㄈㄨ
鳬,ㄈㄨˊ
鬴,ㄈㄨˇ
媍,ㄈㄨˋ
淂,ㄉㄜˊ,ㄉㄟˇ,˙ㄉㄜ,ㄉㄞˇ
惪,ㄉㄜˊ
瑇,ㄉㄞˋ
鬭,ㄉㄡˋ
躭,ㄉㄢ
耼,ㄉㄢ
担,ㄉㄢ,ㄉㄢˋ
噉,ㄉㄢˋ
櫈,ㄉㄥˋ
廸,ㄉㄧˊ
递,ㄉㄧˋ
蜨,ㄉㄧㄝˊ
曡,ㄉㄧㄝˊ
丢,ㄉㄧㄡ
㣔,ㄉㄧㄥ
凟,ㄉㄨˊ
匵,ㄉㄨˊ
覩,ㄉㄨˇ
妬,ㄉㄨˋ
蠧,ㄉㄨˋ
敓,ㄉㄨㄛˊ
朶,ㄉㄨㄛˇ
軃,ㄉㄨㄛˇ
兑,ㄉㄨㄟˋ
煅,ㄉㄨㄢˋ
峝,ㄊㄨㄥˊ,ㄉㄨㄥˋ
忲,ㄊㄞˋ,ㄕˋ
縧,ㄊㄠ
鞉,ㄊㄠˊ
鼗,ㄊㄠˊ
壜,ㄊㄢˊ
罎,ㄊㄢˊ
枟,ㄊㄢˊ
䗊,ㄊㄢˋ
餹,ㄊㄤˊ
嗁,ㄊㄧˊ
蹏,ㄊㄧˊ
体,ㄊㄧˇ
鬀,ㄊㄧˋ
髢,ㄊㄧˋ
銕,ㄊㄧㄝˇ
岹,ㄊㄧㄠˊ
䩦,ㄊㄧㄠˊ
覥,ㄊㄧㄢˇ,ㄇㄧㄢˇ
駞,ㄊㄨㄛˊ
槖,ㄊㄨㄛˊ
呑,ㄊㄨㄣ
㹠,ㄊㄨㄣˊ
仝,ㄊㄨㄥˊ,ㄊㄨㄥˋ
碯,ㄋㄠˇ
閙,ㄋㄠˋ
枏,ㄋㄢˊ
儞,ㄋㄧˇ
嫟,ㄋㄧˋ
揑,ㄋㄧㄝ
湼,ㄋㄧㄝˋ
孼,ㄋㄧㄝˋ
嚙,ㄋㄧㄝˋ
秊,ㄋㄧㄢˊ
愞,ㄋㄨㄛˋ
稬,ㄋㄨㄛˋ
煖,ㄋㄨㄢˇ,ㄒㄩㄢ
䗶,ㄌㄚˋ
虆,ㄌㄟˊ
靁,ㄌㄟˊ
攂,ㄌㄟˊ,ㄌㄟˋ
泪,ㄌㄟˋ
瘘,ㄌㄡˋ,ㄌㄩˊ
篱,ㄌㄧˊ
棃,ㄌㄧˊ
裏,ㄌㄧˇ
涖,ㄌㄧˋ
駵,ㄌㄧㄡˊ
怜,ㄌㄧㄢˊ
歛,ㄌㄧㄢˋ
薟,ㄌㄧㄢˋ,ㄌㄧㄢˊ
隣,ㄌㄧㄣˊ
麐,ㄌㄧㄣˊ
澟,ㄌㄧㄣˇ
凉,ㄌㄧㄤˊ,ㄌㄧㄤˋ
樑,ㄌㄧㄤˊ
勠,ㄌㄨˋ
驘,ㄌㄨㄛˊ
覼,ㄌㄨㄛˊ
躶,ㄌㄨㄛˇ
脔,ㄌㄨㄢˊ,ㄌㄩㄢˇ
壠,ㄌㄨㄥˇ
畧,ㄌㄩㄝˋ
謌,ㄍㄜ
个,ㄍㄜˋ,˙ㄍㄜ,ㄍㄜˇ
匄,ㄍㄞˋ
槩,ㄍㄞˋ
皐,ㄍㄠ
臯,ㄍㄠ
槀,ㄍㄠˇ
稾,ㄍㄠˇ
藳,ㄍㄠˇ
鈎,ㄍㄡ
鞲,ㄍㄡ
耉,ㄍㄡˇ
耈,ㄍㄡˇ
秆,ㄍㄢˇ
亘,ㄍㄣˋ,ㄍㄥˋ
繮,ㄐㄧㄤ,ㄍㄤ
秔,ㄍㄥ,ㄐㄧㄥ
稉,ㄍㄥ,ㄐㄧㄥ
絚,ㄍㄥ
皷,ㄍㄨˇ
崓,ㄍㄨˋ
袿,ㄍㄨㄚˋ
菓,ㄍㄨㄛˇ
恠,ㄍㄨㄞˋ
槼,ㄍㄨㄟ
瓌,ㄍㄨㄟ
卝,ㄍㄨㄢˋ
衮,ㄍㄨㄣˇ
觵,ㄍㄨㄥ
疴,ㄜ,ㄎㄜ
愙,ㄎㄜˋ,ㄑㄩㄝˋ
刋,ㄎㄢ
偘,ㄎㄢˇ
肎,ㄎㄣˇ,ㄎㄥˇ
忼,ㄎㄤˇ,ㄎㄤ
穅,ㄎㄤ
袴,ㄎㄨˋ
絝,ㄎㄨˋ
彍,ㄎㄨㄛˋ
媿,ㄎㄨㄟˋ
欵,ㄎㄨㄢˇ
堃,ㄎㄨㄣ
崐,ㄎㄨㄣ
髠,ㄎㄨㄣ
㡓,ㄎㄨㄣ
裩,ㄎㄨㄣ
况,ㄎㄨㄤˋ
嘷,ㄏㄠˊ
晧,ㄏㄠˋ
皥,ㄏㄠˋ
矦,ㄏㄡˊ
垕,ㄏㄡˋ
恒,ㄏㄥˊ
歘,ㄏㄨ,ㄔㄨㄚ,ㄒㄩˋ
旤,ㄏㄨㄛˋ
𦞦,ㄏㄨㄛˋ
彠,ㄏㄨㄛˋ,ㄨㄛˋ
怀,ㄏㄨㄞˊ
廻,ㄏㄨㄟˊ
滙,ㄏㄨㄟˋ
貛,ㄏㄨㄢ
昬,ㄏㄨㄣ
惽,ㄏㄨㄣ,ㄇㄣˋ
黄,ㄏㄨㄤˊ
閧,ㄏㄨㄥˋ
朞,ㄑㄧˊ,ㄑㄧ,ㄐㄧ
迹,ㄐㄧ
賫,ㄐㄧ
賷,ㄐㄧ
𩐋,ㄐㄧ
覊,ㄐㄧ
檝,ㄐㄧˊ
戞,ㄐㄧㄚˊ
裌,ㄐㄧㄚˊ,ㄐㄧㄝˊ
叚,ㄐㄧㄚˇ,ㄐㄧㄚˋ
斚,ㄐㄧㄚˇ
堦,ㄐㄧㄝ
稭,ㄐㄧㄝ
㨗,ㄐㄧㄝˊ
敎,ㄐㄧㄠˋ,ㄐㄧㄠ
斅,ㄐㄧㄠˋ,ㄐㄧㄠ,ㄒㄩㄝˊ
呌,ㄐㄧㄠˋ
匶,ㄐㄧㄡˋ
韀,ㄐㄧㄢ
碱,ㄐㄧㄢˇ
瀳,ㄐㄧㄢˋ
鍳,ㄐㄧㄢˋ
僣,ㄐㄧㄢˋ
卺,ㄐㄧㄣˇ
厪,ㄐㄧㄣˇ,ㄐㄧㄣˋ,ㄑㄧㄣˊ
尽,ㄐㄧㄣˋ
畺,ㄐㄧㄤ
奬,ㄐㄧㄤˇ
强,ㄑㄧㄤˊ,ㄑㄧㄤˇ,ㄐㄧㄤˋ
穽,ㄐㄧㄥˇ
踁,ㄐㄧㄥˋ
静,ㄐㄧㄥˋ
𦊨,ㄐㄩ
凥,ㄐㄩ,ㄐㄧ
鴂,ㄐㄩㄝˊ,ㄐㄩˊ
榘,ㄐㄩˇ
擧,ㄐㄩˇ
珏,ㄐㄩㄝˊ
橜,ㄐㄩㄝˊ
勌,ㄐㄩㄢˋ
麕,ㄐㄩㄣ,ㄑㄩㄣˊ
儁,ㄐㄩㄣˋ
鵕,ㄐㄩㄣˋ
攟,ㄐㄩㄣˋ
埛,ㄐㄩㄥ
烱,ㄐㄩㄥˇ
逈,ㄐㄩㄥˇ
棊,ㄑㄧˊ,ㄐㄧ
碁,ㄑㄧˊ,ㄐㄧ
啓,ㄑㄧˇ
瘛,ㄐㄧˋ,ㄓˋ,ㄑㄧˋ
弃,ㄑㄧˋ
憇,ㄑㄧˋ
鍫,ㄑㄧㄠ
顦,ㄑㄧㄠˊ
鰌,ㄑㄧㄡ
虬,ㄑㄧㄡˊ
籖,ㄑㄧㄢ
墻,ㄑㄧㄤˊ
繦,ㄑㄧㄤˇ
鸜,ㄑㄩˊ
癯,ㄑㄩˊ
麯,ㄑㄩˊ
覰,ㄑㄩˋ
𡙇,ㄑㄩㄝ
塙,ㄑㄩㄝˋ
羣,ㄑㄩㄣˊ
琼,ㄑㄩㄥˊ
晳,ㄒㄧ
熺,ㄒㄧ
䤈,ㄒㄧ
肹,ㄒㄧˋ
郄,ㄒㄧˋ
隟,ㄒㄧˋ
䦧,ㄒㄧˋ
鰕,ㄒㄧㄚ,ㄏㄚˊ
叶,ㄒㄧㄝˊ
脇,ㄒㄧㄝˊ
衺,ㄒㄧㄝˊ,ㄒㄧㄚˊ,ㄧㄝˊ,ㄩˊ,ㄒㄩˊ
鞵,ㄒㄧㄝˊ
蠏,ㄒㄧㄝˋ,ㄒㄧㄝˇ
緤,ㄒㄧㄝˋ
効,ㄒㄧㄠˋ
歗,ㄒㄧㄠˋ
綉,ㄒㄧㄡˋ
銹,ㄒㄧㄡˋ
仚,ㄒㄧㄢ
蹮,ㄒㄧㄢ
嫺,ㄒㄧㄢˊ
鷴,ㄒㄧㄢˊ
尠,ㄒㄧㄢˇ
綫,ㄒㄧㄢˋ
虗,ㄒㄩ
䘏,ㄒㄩˋ
壻,ㄒㄩˋ
鞾,ㄒㄩㄝ
勳,ㄒㄩㄣ
廵,ㄒㄩㄣˊ
訩,ㄒㄩㄥ
汹,ㄒㄩㄥ
巵,ㄓ
鼅,ㄓ
厔,ㄓˋ
剳,ㄓㄚˊ
喆,ㄓㄜˊ
輙,ㄓㄜˊ
讁,ㄓㄜˊ
箒,ㄓㄡˇ
呪,ㄓㄡˋ
毡,ㄓㄢ
氊,ㄓㄢ
麞,ㄓㄤ
争,ㄓㄥ
鼄,ㄓㄨ
猪,ㄓㄨ
竚,ㄓㄨˋ
筯,ㄓㄨˋ
斵,ㄓㄨㄛˊ
甎,ㄓㄨㄢ
䉵,ㄓㄨㄢˋ
粧,ㄓㄨㄤ
庄,ㄓㄨㄤ
糉,ㄗㄨㄥˋ,ㄓㄨㄥˋ
癡,ㄔ,ㄔˊ
茬,ㄔˊ
遟,ㄔˊ,ㄓˋ
勅,ㄔˋ
詧,ㄔㄚˊ
姹,ㄔㄚˋ
犫,ㄔㄡ
酧,ㄔㄡˊ
醻,ㄔㄡˊ
讐,ㄔㄡˊ
矁,ㄔㄡˇ
讇,ㄔㄢˇ
賝,ㄔㄣ
䞓,ㄔㄥ
頳,ㄔㄥ
蒭,ㄔㄨˊ
鶵,ㄔㄨˊ
櫉,ㄔㄨˊ
窻,ㄔㄨㄤ
牕,ㄔㄨㄤ
牀,ㄔㄨㄤˊ
冲,ㄔㄨㄥ
瘇,ㄓㄨㄥˇ,ㄔㄨㄥˋ
眎,ㄕˋ
眡,ㄕˋ
儍,ㄕㄚˇ
挱,ㄙㄨㄛ,˙ㄕㄚ,˙ㄙㄚ
虵,ㄕㄜˊ,ㄧˊ
曬,ㄕㄞˋ
删,ㄕㄢ
羴,ㄕㄢ
饍,ㄕㄢˋ
鱓,ㄕㄢˋ
蟮,ㄕㄢˋ,ㄔㄢˊ
疎,ㄕㄨ,ㄙㄨ,ㄕㄨˋ
踈,ㄕㄨ,ㄙㄨ,ㄕㄨˋ
倐,ㄕㄨˋ
竪,ㄕㄨˋ
冄,ㄖㄢˇ
姙,ㄖㄣˋ,ㄖㄣˊ
絍,ㄖㄣˋ,ㄖㄣˊ
刄,ㄖㄣˋ
靭,ㄖㄣˋ
餁,ㄖㄣˋ
誏,ㄖㄤˋ
箬,ㄖㄨㄛˋ
輭,ㄖㄨㄢˇ
宂,ㄖㄨㄥˇ
趦,ㄗ
眦,ㄗˋ
帀,ㄗㄚ
桚,ㄗㄚˊ,ㄗㄢˇ
襍,ㄗㄚˊ
齚,ㄗㄜˊ
灾,ㄗㄞ
烖,ㄗㄞ
竈,ㄗㄠˋ
唣,ㄗㄠˋ
賛,ㄗㄢˋ
贜,ㄗㄤ
辠,ㄗㄨㄟˋ
罇,ㄗㄨㄣ
椶,ㄗㄨㄥ
㯶,ㄗㄨㄥ
嵸,ㄗㄨㄥ
踪,ㄗㄨㄥ
騌,ㄗㄨㄥ
偬,ㄗㄨㄥˇ
愡,ㄗㄨㄥˇ
揔,ㄗㄨㄥˇ
从,ㄘㄨㄥˊ,ㄗㄨㄥˋ,ㄘㄨㄥ,ㄗㄨㄥ
甆,ㄘˊ
糍,ㄘˊ
辞,ㄘˊ
刾,ㄘˋ
厠,ㄘˋ,ㄘㄜˋ,ㄙˋ
凑,ㄘㄡˋ
飡,ㄘㄢ
慙,ㄘㄢˊ
蚕,ㄘㄢˊ
麁,ㄘㄨ
麄,ㄘㄨ
䠞,ㄘㄨˋ
顇,ㄘㄨㄟˋ
脃,ㄘㄨㄟˋ
邨,ㄘㄨㄣ
怱,ㄘㄨㄥ
厮,ㄙ
禩,ㄙˋ
竢,ㄙˋ,ㄑㄧˊ
澁,ㄙㄜˋ
顋,ㄙㄞ
埽,ㄙㄠˇ,ㄙㄠˋ
遡,ㄙㄨˋ
鏁,ㄙㄨㄛˇ
陏,ㄙㄨㄟˊ
飱,ㄙㄨㄣ
笋,ㄙㄨㄣˇ
譌,ㄜˊ
峩,ㄜˊ
鵞,ㄜˊ
歺,ㄉㄞˇ,ㄜˋ
阸,ㄜˋ,ㄞˋ
腭,ㄜˋ
鰐,ㄜˋ
翶,ㄠˊ
抝,ㄠˋ,ㄠˇ,ㄋㄧㄡˋ,ㄩˋ
袄,ㄠˇ
慠,ㄠˋ
轜,ㄦˊ
彛,ㄧˊ
㠯,ㄧˇ
苢,ㄧˇ
义,ㄧˋ
鵶,ㄧㄚ
瘂,ㄧㄚˇ,ㄧㄚ,ㄜˋ
鋣,ㄧㄝˊ
壄,ㄧㄝˇ
曅,ㄧㄝˋ
肬,ㄧㄡˊ
烟,ㄧㄢ
㳂,ㄧㄢˊ,ㄧㄢˋ
鼹,ㄧㄢˇ
艷,ㄧㄢˋ
灧,ㄧㄢˋ
陻,ㄧㄣ
鸎,ㄧㄥ
籝,ㄧㄥˊ
頴,ㄧㄥˇ
暎,ㄧㄥˋ
吴,ㄨˊ
鼃,ㄨㄚ
韈,ㄨㄚˋ
韤,ㄨㄚˋ
餧,ㄨㄟˋ
猬,ㄨㄟˋ
衞,ㄨㄟˋ
盌,ㄨㄢˇ
椀,ㄨㄢˇ
温,ㄨㄣ
脗,ㄨㄣˇ
尩,ㄨㄤ
徃,ㄨㄤˇ
伃,ㄩˊ
欝,ㄩˋ
寃,ㄩㄢ
猨,ㄩㄢˊ
縁,ㄩㄢˊ,ㄩㄢˋ
匀,ㄩㄣˊ
愠,ㄩㄣˋ
藴,ㄩㄣˋ
咏,ㄩㄥˇ
污,ㄨ ,ㄨˋ ,ㄨㄚ ,ㄩ
暻,ㄐㄧㄥˇ
閰,ㄐㄩˊ
僳,ㄙㄨˋ
娘,ㄋㄧㄤˊ
礡,ㄅㄛˊ
聳,ㄙㄨㄥˇ
癈,ㄈㄟˋ
羡,ㄒㄧㄢˋ,ㄧˊ,ㄧㄢˊ
湳,ㄋㄢˇ
薾,ㄦˇ
檗,ㄅㄛˋ,ㄅㄧˋ
罊,ㄑㄧˋ
凄,ㄑㄧ
椋,ㄌㄧㄤˊ
呣,ㄇㄡˊ
茀,ㄈㄨˊ,ㄅㄛˊ
硐,ㄊㄨㄥˊ,ㄉㄨㄥˇ,ㄉㄨㄥˋ
塴,ㄅㄥˋ
玆,ㄗ,ㄘ,ㄒㄩㄢˊ
迶,ㄧㄡˋ
鎌,ㄌㄧㄢˊ
峖,ㄢ
褵,ㄌㄧˊ
槴,ㄏㄨˋ
兀,ㄨˋ
囍,ㄒㄧˇ
暸,ㄌㄧㄠˊ,ㄌㄧㄠˇ
垵,ㄢˇ
觾,ㄧㄢˋ
茞,ㄔㄣˊ
芶,ㄍㄡ
棪,ㄧㄢˇ
鋆,ㄩㄣˊ
摮,ㄠˊ
嚓,ㄘㄚ
憼,ㄐㄧㄥˇ
鼘,ㄩㄢ
疪,ㄅㄧˋ
族,ㄗㄨˊ
